"ID","Name","Nummer"
"1","Aadorf","4551"
"2","Aarau","4001"
"3","Aarberg","301"
"4","Aarburg","4271"
"5","Aarwangen","321"
"6","Seegräben","119"
"7","Aawangen (bis ????)","4552"
"8","Göschenen","1208"
"9","Saanen","843"
"10","Gaiserwald","3442"
"11","Abtwil","4221"
"12","Frutigen","563"
"13","Stalden (VS)","6293"
"14","Medel (Lucmagn)","3983"
"15","Tenna (bis 2012)","3652"
"16","Alvaneu","3511"
"17","Aclens","5621"
"18","Disentis/Mustér","3982"
"19","Olivone","5043"
"20","Lottigna","5039"
"21","Adelboden","561"
"22","Wikon","1147"
"23","Lützelflüh","955"
"24","Grüningen","116"
"25","Neuenkirch","1093"
"26","Bäretswil","111"
"27","Gunzwil (bis 2008)","1087"
"28","Boltigen","791"
"29","Adligenswil","1051"
"30","Adlikon","21"
"31","Adliswil","131"
"32","Oberhünigen","629"
"33","Aedermannsdorf","2421"
"34","Aefligen","401"
"35","Stallikon","13"
"36","Wynau","345"
"37","Aegerten","731"
"38","Wahlern","854"
"39","Tägertschi","625"
"40","Aesch (LU)","1021"
"41","Aesch (BL)","2761"
"42","Aesch bei Birmensdorf","241"
"43","Maur","195"
"44","Neftenbach","223"
"45","Eggiwil","901"
"46","Aeschi (SO)","2511"
"47","Aeschi bei Spiez","562"
"48","Aeschlen","601"
"49","Sigriswil","938"
"50","Aetigkofen","2441"
"51","Aetingen","2442"
"52","Sins","4239"
"53","Aeugst am Albis","1"
"54","Sennwald","3274"
"55","Klosters-Serneus","3871"
"56","Obersaxen","3612"
"57","Affeltrangen","4711"
"58","Zürich","261"
"59","Affoltern am Albis","2"
"60","Affoltern im Emmental","951"
"61","Agarn","6101"
"62","Gerra (Verzasca)","5107"
"63","Illnau-Effretikon","174"
"64","Agiez","5742"
"65","Agno","5141"
"66","Muzzano","5205"
"67","Agra","5142"
"68","Agriswil (bis 2005)","2241"
"69","Granges-Paccot","2198"
"70","Eisten","6282"
"71","Aigle","5401"
"72","Vernier","6643"
"73","Genève","6621"
"74","Aïre-la-Ville","6601"
"75","Airolo","5061"
"76","Alberswil","1121"
"77","Albeuve","2121"
"78","Albinen","6102"
"79","Hausen am Albis","4"
"80","Langnau am Albis","136"
"81","Albligen","851"
"82","Viganello","5234"
"83","Corticiasca (bis 2008)","5177"
"84","Rüdtligen-Alchenflüh","420"
"85","Alchenstorf","402"
"86","Lugano","5192"
"87","Tüscherz-Alfermée","752"
"88","Uzwil","3408"
"89","Bedretto","5063"
"90","Allaman","5851"
"91","Alle","6771"
"92","Mühleberg","668"
"93","Cossonay","5477"
"94","Schüpfen","311"
"95","Baar","1701"
"96","Hägendorf","2579"
"97","Dorénaz","6212"
"98","Montbovon","2142"
"99","Boniswil","4192"
"100","Uetendorf","944"
"101","Oberwil im Simmental","766"
"102","Allmendingen","630"
"103","Thun","942"
"104","Allschwil","2762"
"105","Ennetmoos","1506"
"106","Walzenhausen","3037"
"107","Almens","3631"
"108","Amriswil","4461"
"109","Oberägeri","1706"
"110","Poschiavo","3561"
"111","Meiringen","785"
"112","Alpnach","1401"
"113","Alpthal","1361"
"114","Alt St. Johann (bis 2009)","3351"
"115","Brittnau","4274"
"116","Quinto","5079"
"117","Murten","2275"
"118","Altbüron","1122"
"119","Altdorf (UR)","1201"
"120","Altdorf (SH)","2911"
"121","Kleinandelfingen","33"
"122","Altendorf","1341"
"123","Buchs (SG)","3271"
"124","Engwang (bis ???)","4952"
"125","Thal","3237"
"126","Alterswil","2291"
"127","Flawil","3402"
"128","Alterswilen (bis ???)","4631"
"129","Aristau","4222"
"130","Altikon","211"
"131","Giornico","5073"
"132","Altishausen (bis ???)","4632"
"133","Altishofen","1123"
"134","Rothenthurm","1370"
"135","Altnau","4641"
"136","Selzach","2556"
"137","Unterbözberg","4119"
"138","Altstätten","3251"
"139","Altwis","1022"
"140","Wolfenschiessen","1511"
"141","Alvaschein","3501"
"142","Avers","3681"
"143","Amden","3311"
"144","Mollens (VS)","6242"
"145","Amlikon-Bissegg","4881"
"146","Lohn-Ammannsegg","2526"
"147","Lanzenneunforn (bis ???)","4812"
"148","Ammerswil","4191"
"149","Grossaffoltern","303"
"150","Mönthal","4106"
"151","Amsoldingen","921"
"152","Silenen","1216"
"153","Wünnewil-Flamatt","2309"
"154","Andeer","3701"
"155","Andelfingen","30"
"156","Andermatt","1202"
"157","Andiast","3611"
"158","Berg (TG)","4892"
"159","Andwil (SG)","3441"
"160","Birwinken","4901"
"161","Ins","496"
"162","Wängi","4781"
"163","Duggingen","2785"
"164","Wohlen (AG)","4082"
"165","Anières","6602"
"166","Ollon","5409"
"167","Anwil","2841"
"168","Bex","5402"
"169","Ayent","6082"
"170","Anzonico","5062"
"171","Appenzell","3101"
"172","Rüte","3103"
"173","Schwende","3105"
"174","Apples","5421"
"175","Nendaz","6024"
"176","Sion","6266"
"177","Aquila","5031"
"178","Ghirone","5036"
"179","Lavertezzo","5112"
"180","Villette (Lavaux)","5612"
"181","Aranno","5143"
"182","Plan-les-Ouates","6633"
"183","Chur","3901"
"184","Montagnola","5201"
"185","Arbaz","6261"
"186","Arbedo-Castione","5001"
"187","Arboldswil","2881"
"188","Arbon","4401"
"189","Morcote","5203"
"190","Losone","5115"
"191","Arch","381"
"192","Arconciel","2171"
"193","Ardez","3741"
"194","Ardon","6021"
"195","Salenstein","4851"
"196","Boudry","6404"
"197","Versam (bis 2012)","3587"
"198","Arisdorf","2821"
"199","Arlesheim","2763"
"200","Gossau (SG)","3443"
"201","Arnex-sur-Nyon","5701"
"202","Arnex-sur-Orbe","5743"
"203","Arni (AG)","4061"
"204","Arni (BE)","602"
"205","Arogno","5144"
"206","Evolène","6083"
"207","L'Abbaye","5871"
"208","Arosa","3921"
"209","Arosio","5145"
"210","Arrissoules","5901"
"211","Romont (FR)","2096"
"212","Arth","1362"
"213","Bellinzona","5002"
"214","Arvigo","3801"
"215","Arzier","5702"
"216","Arzo","5241"
"217","St. Antönien Ascharina (bis 2006)","3892"
"218","Ascona","5091"
"219","Densbüren","4004"
"220","Seedorf (BE)","312"
"221","Assens","5511"
"222","Oberhofen bei Kreuzlingen (bis ???)","4662"
"223","Astano","5146"
"224","Asuel","6772"
"225","Avusy","6604"
"226","Attalens","2321"
"227","Attelwil","4272"
"228","Wiesendangen","229"
"229","Attinghausen","1203"
"230","Riedholz","2554"
"231","Attiswil","971"
"232","Häggenschwil","3201"
"233","Zell (ZH)","231"
"234","Neuenegg","670"
"235","Au (SG)","3231"
"236","Wädenswil","142"
"237","Fischingen","4726"
"238","Veltheim (AG)","4120"
"239","Auenstein","4091"
"240","Aubonne","5422"
"241","Auboranges","2061"
"242","Hefenhofen","4416"
"243","Dotnacht (bis ???)","4936"
"244","Oberbüren","3424"
"245","Thundorf (bis ???)","4612"
"246","Rossa","3808"
"247","Augst","2822"
"248","Lufingen","63"
"249","Muttenz","2770"
"250","Aumont (bis 2003)","2001"
"251","Auressio","5092"
"252","Aurigeno","5301"
"253","Pfäffikon","177"
"254","Ausserberg","6191"
"255","Ausserbinn","6051"
"256","Eriz","924"
"257","Ausserferrera (bis 2007)","3702"
"258","Eichberg","3252"
"259","Auswil","322"
"260","Autafond","2172"
"261","Autavaux (bis 2005)","2002"
"262","Autigny","2173"
"263","Auvernier","6401"
"264","Auw","4223"
"265","Avegno","5302"
"266","Conthey","6023"
"267","Avenches","5451"
"268","Signy-Avenex","5728"
"269","Avry-sur-Matran","2174"
"270","Avry-devant-Pont","2122"
"271","Avully","6603"
"272","Brienz (BE)","573"
"273","Ayer","6231"
"274","Wartau","3276"
"275","Knonau","7"
"276","Freienbach","1322"
"277","Wollerau","1323"
"278","Erschmatt","6105"
"279","Bachenbülach","51"
"280","Hemberg","3372"
"281","St. Antoni","2302"
"282","Schleitheim","2952"
"283","Bachs","81"
"284","Hinwil","117"
"285","Unterbäch","6201"
"286","Wilihof (bis 2008)","1105"
"287","Knutwil","1089"
"288","Bad Ragaz","3291"
"289","Baden","4021"
"290","Buchholterberg","923"
"291","Bagnes","6031"
"292","Blonay","5881"
"293","Morbio Inferiore","5257"
"294","Hochdorf","1031"
"295","Baldingen","4301"
"296","Basel","2701"
"297","Pfäfers","3294"
"298","Balerna","5242"
"299","Balgach","3232"
"300","Ballaigues","5744"
"301","Hofstetten bei Brienz","580"
"302","Ballens","5423"
"303","Düdingen","2293"
"304","Ballmoos","531"
"305","Ballwil","1023"
"306","Unterschächen","1219"
"307","Balm bei Günsberg","2541"
"308","Balm bei Messen","2443"
"309","Balsthal","2422"
"310","Bergdietikon","4023"
"311","Bassersdorf","52"
"312","Bichelsee-Balterswil","4721"
"313","Baltschieder","6281"
"314","Murgenthal","4279"
"315","Bedigliora","5149"
"316","Bangerten","532"
"317","Vechigen","359"
"318","Worb","627"
"319","Kloten","62"
"320","Griesenberg (bis ???)","4883"
"321","Dägerlen","214"
"322","Bannwil","323"
"323","Bolligen","352"
"324","Ftan","3761"
"325","Langnau im Emmental","902"
"326","Barbengo","5147"
"327","Barberêche","2243"
"328","Gryon","5405"
"329","Bardonnex","6605"
"330","Langenbruck","2888"
"331","Bargen (BE)","302"
"332","Bargen (SH)","2931"
"333","Vouvry","6159"
"334","Flims","3732"
"335","Croglio","5178"
"336","Bäriswil","403"
"337","Champéry","6151"
"338","Erlinsbach","4005"
"339","Bärschwil","2611"
"340","Dünnershaus (bis ???)","4676"
"341","Barzheim","2912"
"342","Basadingen (bis ???)","4531"
"343","Bassecourt","6701"
"344","Bassins","5703"
"345","Bas-Vully","2280"
"346","Siegershausen (bis ???)","4637"
"347","Bätterkinden","533"
"348","Bättwil","2471"
"349","Bauen","1204"
"350","Montreux","5886"
"351","Baulmes","5745"
"352","Gimel","5428"
"353","Bauma","171"
"354","Egnach","4411"
"355","Bavois","5746"
"356","Kirchberg (SG)","3392"
"357","Beatenberg","571"
"358","Buch am Irchel","24"
"359","Weerswilen (bis ???)","4895"
"360","Beckenried","1501"
"361","Braunau (bis ???)","4771"
"362","Bedano","5148"
"363","Sulgen","4506"
"364","Beggingen","2951"
"365","Mollis","1617"
"366","Begnins","5704"
"367","Beinwil (SO)","2612"
"368","Beinwil (Freiamt)","4224"
"369","Beinwil am See","4131"
"370","Rubigen","623"
"371","Naters","6007"
"372","Vandoeuvres","6642"
"373","Thônex","6640"
"374","Chêne-Bourg","6613"
"375","Belfaux","2175"
"376","Goumois","6749"
"377","Bellach","2542"
"378","Collonge-Bellerive","6616"
"379","Jaun","2138"
"380","Saicourt","706"
"381","Delémont","6711"
"382","Bellerive (VD)","5452"
"383","Bellevue","6606"
"384","Bellikon","4022"
"385","Bellmund","732"
"386","Bellwald","6052"
"387","Belmont-sur-Lausanne","5581"
"388","Belmont-sur-Yverdon","5902"
"389","Belp","861"
"390","Belpberg","862"
"391","Belprahon","681"
"392","Oberwald (bis 2008)","6066"
"393","La Brévine","6432"
"394","Ebnat-Kappel","3352"
"395","Speicher","3023"
"396","Kilchberg (ZH)","135"
"397","Prangins","5725"
"398","Fällanden","193"
"399","Biel-Benken","2764"
"400","Benken (SG)","3312"
"401","Benken (ZH)","22"
"402","Oberhof","4173"
"403","Einsiedeln","1301"
"404","Bennwil","2882"
"405","Benzenschwil","4225"
"406","Bercher","5512"
"407","Risch","1707"
"408","Sessa","5222"
"409","Schmitten (FR)","2305"
"410","Berg (SG)","3211"
"411","Berg am Irchel","23"
"412","Meilen","156"
"413","Bergün/Bravuogn","3521"
"414","Berikon","4062"
"415","Beringen","2932"
"416","Ried bei Brig","6008"
"417","Berken","972"
"418","Berlens (bis 2003)","2062"
"419","Berlingen","4801"
"420","Bern","351"
"421","Leibstadt","4311"
"422","Berneck","3233"
"423","Bernex","6607"
"424","Waldkirch","3444"
"425","Heldswil (bis ???)","4491"
"426","Pontresina","3784"
"427","Kreuzlingen","4671"
"428","Berolle","5424"
"429","Beromünster","1081"
"430","Walenstadt","3298"
"431","Burgdorf","404"
"432","Rothenburg","1040"
"433","Bertschikon","212"
"434","Gossau (ZH)","115"
"435","Berzona","5093"
"436","Vogorno","5135"
"437","Besazio","5243"
"438","Besenbüren","4226"
"439","Besencens","2322"
"440","Niederwil (TG) (bis ????)","4575"
"441","Betschwanden","1601"
"442","Betten","6171"
"443","Bettenhausen","973"
"444","Bettens","5471"
"445","Bettingen","2702"
"446","Bettlach","2543"
"447","Bettwiesen (bis ???)","4736"
"448","Bettwil","4227"
"449","St. Gallenkappel","3337"
"450","Beurnevésin","6773"
"451","Bevaix","6402"
"452","Bever","3781"
"453","Bévilard","682"
"454","Gerlikon (bis ????)","4572"
"455","Döttingen","4304"
"456","Biasca","5281"
"457","Les Bois","6742"
"458","Feusisberg","1321"
"459","Ferenbalm","662"
"460","Biberist","2513"
"461","Bibern (SH)","2913"
"462","Bibern (SO)","2444"
"463","Biberstein","4002"
"464","Bichelsee (bis ???)","4722"
"465","Oberuzwil","3407"
"466","Wynigen","424"
"467","Obfelden","10"
"468","Saas Balen","6289"
"469","Bidogno (bis 2008)","5150"
"470","Ramsen","2963"
"471","Biel (BE)","371"
"472","Biel (VS)","6053"
"473","Brienzwiler","574"
"474","Hasle bei Burgdorf","406"
"475","Liestal","2829"
"476","Bière","5425"
"477","Biezwil","2445"
"478","St. Niklaus","6292"
"479","Kandergrund","564"
"480","Walkringen","626"
"481","Biglen","603"
"482","Bignasco","5303"
"483","Sala Capriasca (bis 2008)","5220"
"484","Billens-Hennes","2063"
"485","Kyburg","175"
"486","Bilten","1602"
"487","Binn","6054"
"488","Biel-Benken","2765"
"489","Bioggio","5151"
"490","Breganzona","5158"
"491","Bioley-Magnoux","5903"
"492","Bioley-Orjulaz","5513"
"493","Bionnens (bis 2002)","2064"
"494","Nürensdorf","64"
"495","Birgisch","6001"
"496","Wald (AR)","3036"
"497","Birmensdorf (ZH)","242"
"498","Birmenstorf (AG)","4024"
"499","Bironico","5153"
"500","Birr","4092"
"501","Lupfig","4104"
"502","Birrhard","4093"
"503","Linden","614"
"504","Birrwil","4132"
"505","Birsfelden","2766"
"506","Birwinken (bis ???)","4902"
"507","Willisau Land","1148"
"508","Bischofszell","4471"
"509","Muotathal","1367"
"510","Heiden","3032"
"511","Bissegg (bis ???)","4882"
"512","Bissone","5154"
"513","Bister","6172"
"514","Bitsch","6173"
"515","Seeberg","988"
"516","Rapperswil (BE)","310"
"517","Sarnen","1407"
"518","Bivio","3531"
"519","Zweisimmen","794"
"520","Trubschachen","909"
"521","Eschenbach (LU)","1026"
"522","Malters","1062"
"523","Zermatt","6300"
"524","Blatten","6192"
"525","Wald (ZH)","120"
"526","Ueberstorf","2308"
"527","Blauen","2781"
"528","Zuchwil","2534"
"529","Gränichen","4006"
"530","Bleienbach","324"
"531","Bleiken bei Oberdiessbach","604"
"532","Rue","2097"
"533","Kaltenbach (bis ???)","4873"
"534","Oeschenbach","335"
"535","Sitterdorf (bis ???)","4517"
"536","Blitzingen","6055"
"537","Randogne","6244"
"538","Blumenstein","922"
"539","Böbikon","4302"
"540","Horgen","133"
"541","Böckten","2842"
"542","Brenzikofen","606"
"543","Guttannen","782"
"544","Lenk","792"
"545","Innertkirchen","784"
"546","Cauco","3806"
"547","Bodio","5064"
"548","Boécourt","6702"
"549","Chiasso","5250"
"550","Bofflens","5747"
"551","Bogis-Bossey","5705"
"552","Mauensee","1091"
"553","Bogno","5155"
"554","Rickenbach (LU)","1097"
"555","Gontenschwil","4135"
"556","Nyon","5724"
"557","Brione (Verzasca)","5095"
"558","Bôle","6403"
"559","Bolken","2514"
"560","Jona (bis 2005)","3335"
"561","Bollion (bis 2005)","2003"
"562","Bollodingen","974"
"563","Habkern","579"
"564","Märstetten","4941"
"565","Seedorf (UR)","1214"
"566","Lauperswil","903"
"567","Curio","5181"
"568","Bonaduz","3721"
"569","Wigoltingen","4951"
"570","Boncourt","6774"
"571","Bondo (bis 2009)","3771"
"572","Bonfol","6775"
"573","Bönigen","572"
"574","Boningen","2571"
"575","Chéserex","5709"
"576","Bonnefontaine","2176"
"577","Bonstetten","3"
"578","Bonvillars","5551"
"579","Boppelsen","82"
"580","Palagnedra","5122"
"581","Borex","5706"
"582","Borgnone","5094"
"583","Stampa (bis 2009)","3775"
"584","Medeglia","5011"
"585","Eschenz","4806"
"586","Meierskappel","1064"
"587","Novazzano","5260"
"588","Manno","5194"
"589","Cevio","5310"
"590","Bosco Luganese","5156"
"591","Bosco/Gurin","5304"
"592","Bösingen","2295"
"593","Lutry","5606"
"594","Bossonnens","2323"
"595","Collex-Bossy","6615"
"596","Boswil","4228"
"597","Bottens","5514"
"598","Bottenwil","4273"
"599","Botterens","2123"
"600","Bottighofen","4643"
"601","Bottmingen","2767"
"602","Böttstein","4303"
"603","Boudevilliers","6471"
"604","Bougy-Villars","5426"
"605","Boulens","5661"
"606","Bouloz","2324"
"607","Satigny","6638"
"608","Bourg-Saint-Pierre","6032"
"609","Carrouge (VD)","5782"
"610","Fribourg","2196"
"611","Bournens","5472"
"612","Bourrignon","6703"
"613","Boussens","5473"
"614","Port-Valais","6154"
"615","Boveresse","6502"
"616","Bovernier","6131"
"617","Bowil","605"
"618","Bronschhofen","3421"
"619","Bözen","4094"
"620","Pregassona","5215"
"621","Braggio","3803"
"622","Zernez","3746"
"623","Romoos","1007"
"624","Mönchaltorf","196"
"625","Fully","6133"
"626","Bratsch","6103"
"627","Braunwald","1603"
"628","Breil/Brigels","3981"
"629","Mörel","6179"
"630","Breitenbach","2613"
"631","Götighofen (bis ???)","4507"
"632","Gsteigwiler","577"
"633","Bremblens","5622"
"634","Bremgarten (AG)","4063"
"635","Bremgarten bei Bern","353"
"636","Lutzenberg","3033"
"637","Brenles","5662"
"638","Breno","5159"
"639","Bressaucourt (bis 2012)","6776"
"640","Moudon","5678"
"641","Syens","5688"
"642","Vulliens","5803"
"643","Seengen","4208"
"644","Bretigny-sur-Morrens","5515"
"645","Bretonnières","5748"
"646","Bretzwil","2883"
"647","Leuk","6110"
"648","Rivera","5217"
"649","Brienz (GR)","3512"
"650","Brig-Glis","6002"
"651","Brione sopra Minusio","5096"
"652","Zell (LU)","1150"
"653","Brislach","2782"
"654","Brissago","5097"
"655","Broc","2124"
"656","Wimmis","769"
"657","Broglio","5305"
"658","Claro","5282"
"659","Brontallo","5306"
"660","Brot-Dessous","6405"
"661","Brot-Plamboz","6433"
"662","Schmerikon","3338"
"663","Binningen","2765"
"664","Malvaglia","5041"
"665","Brugg","4095"
"666","Brügg","733"
"667","Wittenbach","3204"
"668","St. Gallen","3203"
"669","Brügglen","2446"
"670","Valendas (bis 2012)","3586"
"671","Brunegg","4193"
"672","Brünisried","2292"
"673","Brunnadern (bis 2008)","3371"
"674","Ingenbohl","1364"
"675","Brunnenthal","2447"
"676","Matzendorf","2427"
"677","Laupersdorf","2426"
"678","Brusino Arsizio","5160"
"679","Brusio","3551"
"680","Brüttelen","491"
"681","Brütten","213"
"682","Wangen-Brüttisellen","200"
"683","Bruzella","5244"
"684","Bubendorf","2823"
"685","Bubikon","112"
"686","Wohlenschwil","4046"
"687","Buch (SH)","2961"
"688","Uesslingen-Buch","4616"
"689","Happerswil-Buch (bis ???)","4904"
"690","Buch bei Märwil (bis ???)","4712"
"691","Erlen","4476"
"692","Buchberg","2933"
"693","Kyburg-Buchegg","2453"
"694","Rüthi (Rheintal)","3256"
"695","Luzein","3891"
"696","Horrenbach-Buchen","932"
"697","Wil (ZH)","71"
"698","Thayngen","2920"
"699","Büchslen (bis 2012)","2244"
"700","Buchillon","5623"
"701","Buchrain","1052"
"702","Buchs (AG)","4003"
"703","Buchs (ZH)","83"
"704","Buchs (LU)","1124"
"705","Schaffhausen","2939"
"706","Buckten","2843"
"707","Grafenried","539"
"708","Waltenschwil","4240"
"709","Büetigen","382"
"710","Essertines-sur-Rolle","5856"
"711","Sirnach (bis ???)","4764"
"712","Bühl","734"
"713","Frauenfeld","4566"
"714","Nesslau (bis 2005)","3355"
"715","Nottwil","1094"
"716","Bühler","3021"
"717","Ruswil","1098"
"718","Buhwil (bis ???)","4496"
"719","Buix (bis 2008)","6777"
"720","Bülach","53"
"721","Bulle","2125"
"722","Bullet","5552"
"723","Schangnau","906"
"724","Wattwil","3377"
"725","Bünzen","4229"
"726","Buochs","1502"
"727","Bürchen","6193"
"728","Bure","6778"
"729","Oberdorf (NW)","1508"
"730","Gansingen","4164"
"731","Büren (SO)","2472"
"732","Raperswilen","4846"
"733","Büren an der Aare","383"
"734","Büren zum Hof","534"
"735","Eglisau","55"
"736","Burg (AG)","4133"
"737","Eschenbach (SG)","3332"
"738","Weinfelden","4946"
"739","Burg im Leimental","2783"
"740","Ennetbürgen","1505"
"741","Stansstad","1510"
"742","Richterswil","138"
"743","Burgistein","863"
"744","Grindelwald","576"
"745","Bürglen (UR)","1205"
"746","Lungern","1405"
"747","Bürglen (TG)","4911"
"748","La Tour-de-Peilz","5889"
"749","Oberegg","3111"
"750","Büron","1082"
"751","Bursinel","5852"
"752","Bursins","5853"
"753","Burtigny","5854"
"754","Hägglingen","4068"
"755","Tägerig","4077"
"756","Buseno","3804"
"757","Büsserach","2614"
"758","Bussigny-près-Lausanne","5624"
"759","Bussigny-sur-Oron (bis 2011)","5781"
"760","Remetschwil","4039"
"761","Bussnang","4921"
"762","Sirnach","4761"
"763","Busswil bei Büren","384"
"764","Heimiswil","407"
"765","Busswil bei Melchnau","325"
"766","Bussy (FR)","2004"
"767","Bussy-Chardonney","5625"
"768","Bussy-sur-Moudon","5663"
"769","Kirchberg (BE)","412"
"770","Rüeggisberg","880"
"771","Bütschwil","3391"
"772","Büttenhardt","2914"
"773","Buttes","6503"
"774","Schübelbach","1346"
"775","Büttikon","4064"
"776","Buttisholz","1083"
"777","Buttwil","4230"
"778","Sulz (AG)","4178"
"779","Thunstetten","342"
"780","Buus","2844"
"781","Cabbio","5245"
"782","Lostallo","3821"
"783","Cademario","5161"
"784","Cadempino","5162"
"785","Cadenazzo","5003"
"786","Magadino","5116"
"787","Cadro","5163"
"788","Cagiallo (bis 2008)","5164"
"789","Pomy","5926"
"790","Intragna","5111"
"791","Calfreisen (bis 2012)","3922"
"792","Calonico","5065"
"793","Calpiogna","5066"
"794","Paradiso","5210"
"795","Cama","3831"
"796","Safien (bis 2012)","3651"
"797","Camignolo","5165"
"798","Tujetsch","3986"
"799","Camorino","5004"
"800","Campello","5067"
"801","Tesserete (bis 2001)","5226"
"802","Trun","3987"
"803","Campo (Blenio)","5032"
"804","Campo (Vallemaggia)","5307"
"805","Caneggio","5246"
"806","La Punt-Chamues-ch","3785"
"807","Camuns (bis 2001)","3591"
"808","Canobbio","5167"
"809","Vaz/Obervaz","3506"
"810","Capolago","5247"
"811","Presinge","6635"
"812","Carabbia","5168"
"813","Carabietta","5169"
"814","Locarno","5113"
"815","Sant'Antonio","5018"
"816","Vallon","2045"
"817","Origlio","5208"
"818","Carona","5170"
"819","Carouge (GE)","6608"
"820","Meinier","6629"
"821","Cartigny","6609"
"822","Vicosoprano (bis 2009)","3776"
"823","San Nazzaro","5127"
"824","Casima","5248"
"825","Caslano","5171"
"826","Corzoneso","5034"
"827","Castaneda","3805"
"828","Castasegna (bis 2009)","3773"
"829","Castel San Pietro","5249"
"830","Monteggio","5202"
"831","St. Antönien","3893"
"832","Castiel (bis 2012)","3923"
"833","Casti-Wergenstein","3703"
"834","Castrisch","3571"
"835","Castro","5033"
"836","Grüsch","3961"
"837","Cavagnago","5068"
"838","Cavergno","5308"
"839","Caviano","5098"
"840","Cavigliano","5099"
"841","Cazis","3661"
"842","Celerina/Schlarigna","3782"
"843","Céligny","6610"
"844","Cerentino","5309"
"845","Ormont-Dessous","5410"
"846","Erlach","492"
"847","Cerniat (FR)","2126"
"848","Cerniaz (VD) (bis 2011)","5811"
"849","Cernier","6472"
"850","Rebévelier","715"
"851","Certara","5173"
"852","Perly-Certoux","6632"
"853","Prilly","5589"
"854","Châbles","2005"
"855","Chabrey","5453"
"856","Lausanne","5586"
"857","Reconvilier","703"
"858","Chalais","6232"
"859","Cham","1702"
"860","Pregny-Chambésy","6634"
"861","Givisiez","2197"
"862","Chamblon","5904"
"863","Rochefort","6413"
"864","Sembrancher","6035"
"865","Chamoson","6022"
"866","Courgevaux","2250"
"867","Champagne","5553"
"868","Gempenach","2260"
"869","Orsières","6034"
"870","Silvaplana","3790"
"871","St. Moritz","3787"
"872","Gampelen","495"
"873","Grimisuat","6263"
"874","Champmartin","5454"
"875","Echarlens","2131"
"876","Val-d'Illiez","6157"
"877","Champoz","683"
"878","Champtauroz","5812"
"879","Champvent","5905"
"880","Chancy","6611"
"881","Savièse","6265"
"882","Chandolin","6233"
"883","Chandon (bis 1993)","2006"
"884","Liddes","6033"
"885","Villarepos","2279"
"886","Chanéaz (bis 2012)","5906"
"887","Chapelle (Glâne)","2066"
"888","Chapelle (Broye) (bis 2004)","2007"
"889","Chapelle-sur-Moudon","5664"
"890","Chardonne","5882"
"891","Montaubion-Chardonney","5677"
"892","Charmey","2127"
"893","Galmiz","2259"
"894","Charmoille","6779"
"895","Charrat","6132"
"896","Founex","5717"
"897","Château-d'Oex","5841"
"898","Châtelat","684"
"899","Châtel-Saint-Denis","2325"
"900","Châtel-sur-Montsalvens","2128"
"901","Châtillens (bis 2011)","5783"
"902","Châtillon (FR)","2008"
"903","Prêles","725"
"904","Châtillon (JU)","6704"
"905","Châtonnaye","2068"
"906","Neuchâtel","6458"
"907","La Neuveville","723"
"908","Chavannes-de-Bogis","5707"
"909","Chavannes-des-Bois","5708"
"910","Chavannes-le-Chêne","5907"
"911","Chavannes-les-Forts (bis 2003)","2069"
"912","Chavannes-le-Veyron","5475"
"913","Chavannes-sous-Orsonnens (bis 2000)","2070"
"914","Chavannes-près-Renens","5627"
"915","Chavannes-sur-Moudon","5665"
"916","Chavornay","5749"
"917","Cheiry","2009"
"918","Lens","6240"
"919","Troistorrents","6156"
"920","Martigny","6136"
"921","Vollèges","6036"
"922","Cully","5602"
"923","Chêne-Bougeries","6612"
"924","Chénens","2177"
"925","Chêne-Pâquier","5908"
"926","Chermignon","6234"
"927","Marly","2206"
"928","Chesalles-sur-Moudon","5666"
"929","Chesalles-sur-Oron (bis 2011)","5784"
"930","Grandcour","5817"
"931","Cheseaux-Noréaz","5909"
"932","Cheseaux-sur-Lausanne","5582"
"933","Chésopelloz","2179"
"934","Chessel","5403"
"935","Chevenez","6780"
"936","Chevilly","5476"
"937","Choulex","6614"
"938","Giffers","2294"
"939","Chevroux","5813"
"940","Chexbres","5601"
"941","Cheyres","2010"
"942","Chézard-Saint-Martin","6473"
"943","Gorgier","6410"
"944","Le Chenit","5872"
"945","Kerzers","2265"
"946","Chiggiogna","5069"
"947","Chigny","5628"
"948","Veytaux","5891"
"949","Chippis","6235"
"950","Chironico","5070"
"951","Monthey","6153"
"952","Courrendlin","6708"
"953","Röthenbach im Emmental","904"
"954","Churwalden","3911"
"955","Tschierv (bis 2008)","3845"
"956","Cimadera","5174"
"957","Cimo","5175"
"958","S-chanf","3788"
"959","Leukerbad","6111"
"960","Clarmont","5629"
"961","Davos","3851"
"962","Clavaleyres","661"
"963","Villiers","6486"
"964","Saint-Légier-La Chiésaz","5888"
"965","Clugin (bis 2008)","3704"
"966","Coeuve","6781"
"967","Coffrane","6474"
"968","Coglio","5311"
"969","Coinsins","5710"
"970","Meyrin","6630"
"971","Coldrerio","5251"
"972","Ormont-Dessus","5411"
"973","Valcolla","5229"
"974","Collombey-Muraz","6152"
"975","Collonges","6211"
"976","Cologny","6617"
"977","Genestrerio","5252"
"978","Colombier (VD) (bis 2011)","5630"
"979","Colombier (NE)","6406"
"980","Comano","5176"
"981","Le Landeron","6455"
"982","Combremont-le-Grand (bis 2011)","5814"
"983","Combremont-le-Petit (bis 2011)","5815"
"984","Commugny","5711"
"985","Comologno","5100"
"986","Samnaun","3752"
"987","Leontica","5038"
"988","Concise","5554"
"989","Confignon","6618"
"990","Vrin (bis 2012)","3606"
"991","Constantine","5455"
"992","Cunter","3532"
"993","Conters im Prättigau","3881"
"994","Contone","5101"
"995","Tenero-Contra","5131"
"996","Coppet","5712"
"997","Corban","6705"
"998","Corbeyrier","5404"
"999","Corbières","2129"
"1000","Grandson","5561"
"1001","Corcelles (BE)","687"
"1002","Corcelles-Cormondrèche","6407"
"1003","Corcelles-le-Jorat","5785"
"1004","Corcelles-près-Concise","5555"
"1005","Corcelles-près-Payerne","5816"
"1006","Corcelles-sur-Chavornay","5751"
"1007","Cordast (bis 2004)","2247"
"1008","Corgémont","431"
"1009","Montana","6243"
"1010","Corippo","5102"
"1011","Corjolens","2181"
"1012","Cormagens","2182"
"1013","Villars-sur-Glâne","2228"
"1014","Cormérod (bis 1996)","2248"
"1015","Corminboeuf","2183"
"1016","Gurmels","2262"
"1017","Cormoret","432"
"1018","Cornaux","6451"
"1019","Cornol","6782"
"1020","Corpataux","2184"
"1021","Saint-Cierges","5685"
"1022","Correvon","5667"
"1023","Corsalettes (bis 1999)","2249"
"1024","Corseaux","5883"
"1025","Corserey","2185"
"1026","Corsier (GE)","6619"
"1027","Corsier-sur-Vevey","5884"
"1028","Cortaillod","6408"
"1029","Cortébert","433"
"1030","Sorengo","5225"
"1031","Penthalaz","5495"
"1032","Cottens (FR)","2186"
"1033","Cottens (VD)","5478"
"1034","Courroux","6709"
"1035","Courchapoix","6706"
"1036","Courchavon","6783"
"1037","Courfaivre","6707"
"1038","Courgenay","6784"
"1039","Courlevon","2251"
"1040","Cournillens (bis 1996)","2252"
"1041","Court","690"
"1042","Courtaman (bis 2002)","2253"
"1043","Courtedoux","6785"
"1044","Courtelary","434"
"1045","Courtemaîche (bis 2008)","6786"
"1046","Courtepin","2254"
"1047","Courtételle","6710"
"1048","Courtion (bis 1996)","2255"
"1049","Montagny FR","2029"
"1050","Couvet","6505"
"1051","Crana","5103"
"1052","Crans-près-Céligny","5713"
"1053","Crassier","5714"
"1054","Noville","5408"
"1055","Puidoux","5607"
"1056","Cremin","5668"
"1057","Crémines","691"
"1058","Cresciano","5283"
"1059","Cressier (FR)","2257"
"1060","Cressier (NE)","6452"
"1061","Masein","3663"
"1062","Crésuz","2130"
"1063","Genthod","6622"
"1064","Noiraigue","6508"
"1065","Crissier","5583"
"1066","Savosa","5221"
"1067","Cronay","5910"
"1068","Croy","5752"
"1069","Sent","3763"
"1070","Cuarnens","5479"
"1071","Cuarny","5911"
"1072","Cudrefin","5456"
"1073","Cugnasco","5104"
"1074","Cugy (FR)","2011"
"1075","Cugy (VD)","5516"
"1076","Sainte-Croix","5568"
"1077","Cumbel (bis 2012)","3592"
"1078","Sumvitg","3985"
"1079","Cureggia","5179"
"1080","Cureglia","5180"
"1081","Curtilles","5669"
"1082","Mettmenstetten","9"
"1083","Dachsen","25"
"1084","Tavannes","713"
"1085","Schleinikon","98"
"1086","Niederhelfenschwil","3423"
"1087","Dagmersellen","1125"
"1088","Daillens","5480"
"1089","Grône","6238"
"1090","Präz (bis 2009)","3665"
"1091","Dallenwil","1503"
"1092","Dällikon","84"
"1093","Dalpe","5071"
"1094","Damphreux","6787"
"1095","Damvant","6788"
"1096","Däniken","2572"
"1097","Dänikon","85"
"1098","Dardagny","6620"
"1099","Därligen","575"
"1100","Venthône","6249"
"1101","Därstetten","761"
"1102","Dättlikon","215"
"1103","Winterthur","230"
"1104","Davesco-Soragno","5182"
"1105","Massongex","6215"
"1106","Degen (bis 2012)","3594"
"1107","Lengnau (AG)","4312"
"1108","Degersheim","3401"
"1109","Deisswil bei Münchenbuchsee","535"
"1110","Stettlen","358"
"1111","Ostermundigen","363"
"1112","Deitingen","2516"
"1113","Delley (bis 2004)","2012"
"1114","Démoret","5912"
"1115","Denens","5631"
"1116","Denezy","5670"
"1117","Denges","5632"
"1118","Derendingen","2517"
"1119","Radelfingen","309"
"1120","Wiedlisbach","995"
"1121","Weisslingen","180"
"1122","Dettighofen (bis ???)","4836"
"1123","Develier","6712"
"1124","Hofstetten (ZH)","222"
"1125","Mogelsberg (bis 2008)","3406"
"1126","Unterschlatt (bis ???)","4534"
"1127","Diegten","2884"
"1128","Dielsdorf","86"
"1129","Diemerswil","536"
"1130","Diemtigen","762"
"1131","Diepflingen","2845"
"1132","Diepoldsau","3234"
"1133","Dierikon","1053"
"1134","Diesbach (GL)","1604"
"1135","Diessbach bei Büren","385"
"1136","Diesse","721"
"1137","Diessenhofen","4545"
"1138","Krauchthal","414"
"1139","Dietikon","243"
"1140","Uesslingen (bis ???)","4617"
"1141","Dietlikon","54"
"1142","Luzern","1061"
"1143","Dietwil","4231"
"1144","Trin","3734"
"1145","Matzingen","4591"
"1146","Dinhard","216"
"1147","Sonvico","5224"
"1148","Dintikon","4194"
"1149","Rechthalten","2301"
"1150","Dittingen","2784"
"1151","Dizy","5481"
"1152","Domat/Ems","3722"
"1153","Dombresson","6475"
"1154","Domdidier","2013"
"1155","Dommartin (bis 2011)","5517"
"1156","Dompierre (FR)","2014"
"1157","Dompierre (VD)","5671"
"1158","Donath","3705"
"1159","Donatyre","5457"
"1160","Dongio","5035"
"1161","Donneloye","5913"
"1162","Donzhausen (bis ???)","4912"
"1163","Doppleschwand","1001"
"1164","Dorf","26"
"1165","Schänis","3315"
"1166","Dörflingen","2915"
"1167","Dornach","2473"
"1168","Dottikon","4065"
"1169","Dotzigen","386"
"1170","Twann","753"
"1171","Dozwil","4406"
"1172","Mosnang","3394"
"1173","Siviriez","2099"
"1174","Dübendorf","191"
"1175","Leytron","6135"
"1176","Duillier","5715"
"1177","Dulliken","2573"
"1178","Dully","5855"
"1179","Dürnten","113"
"1180","Dürrenäsch","4134"
"1181","Dürrenroth","952"
"1182","Hittnau","173"
"1183","Duvin","3593"
"1184","Ebersecken","1126"
"1185","Hauptwil-Gottshaus","4486"
"1186","Ebikon","1054"
"1187","Oberried am Brienzersee","589"
"1188","Entlebuch","1002"
"1189","Roggwil (TG)","4431"
"1190","Sattel","1371"
"1191","Echallens","5518"
"1192","Echandens","5633"
"1193","Echichens","5634"
"1194","Eclagnens (bis 2011)","5519"
"1195","Eclépens","5482"
"1196","Versoix","6644"
"1197","Riddes","6139"
"1198","Ecoteaux (bis 2011)","5787"
"1199","Ecublens (FR)","2072"
"1200","Ecublens (VD)","5635"
"1201","Ecuvillens","2188"
"1202","Ederswiler","6713"
"1203","Sachseln","1406"
"1204","Menzingen","1704"
"1205","Effingen","4096"
"1206","Egerkingen","2401"
"1207","Zimmerwald","887"
"1208","Eggersriet","3212"
"1209","Egg","192"
"1210","Thierachern","941"
"1211","Simplon","6009"
"1212","Schmiedrued","4143"
"1213","Eggenwil","4066"
"1214","Eggerberg","6004"
"1215","Hagenbuch","220"
"1216","Fiesch","6057"
"1217","Egliswil","4195"
"1218","Egolzwil","1127"
"1219","Wildberg","182"
"1220","Eich","1084"
"1221","Oberriet (SG)","3254"
"1222","Messen","2457"
"1223","Schwarzenberg","1066"
"1224","Lauterbrunnen","584"
"1225","Eiken","4161"
"1226","Spiez","768"
"1227","Eischoll","6194"
"1228","Saint-Martin (VS)","6087"
"1229","Seehof","709"
"1230","Elfingen","4097"
"1231","Elgg","217"
"1232","Ellighausen (bis ???)","4634"
"1233","Marthalen","35"
"1234","Ellikon an der Thur","218"
"1235","Elm","1605"
"1236","Elsau","219"
"1237","Embd","6283"
"1238","Embrach","56"
"1239","Emmen","1024"
"1240","Emmetten","1504"
"1241","Unterems (bis 2012)","6115"
"1242","Granges-près-Marnand (bis 2011)","5818"
"1243","Höri","60"
"1244","Endingen","4305"
"1245","Schweizersholz (bis ???)","4500"
"1246","Lauenen","842"
"1247","Engelberg","1402"
"1248","St. Ursen","2304"
"1249","Enges","6453"
"1250","Engi","1606"
"1251","Nunningen","2621"
"1252","Engishofen (bis ???)","4477"
"1253","Englisberg","864"
"1254","Engollon","6476"
"1255","Wäldi","4701"
"1256","Hünenberg","1703"
"1257","Ennenda","1607"
"1258","Ennetaach (bis ???)","4478"
"1259","Ennetbaden","4026"
"1260","Krummenau (bis 2005)","3354"
"1261","Mitlödi","1616"
"1262","Linthal","1613"
"1263","Untersiggenthal","4044"
"1264","Enney","2132"
"1265","La Sagne","6423"
"1266","Vermes","6726"
"1267","Romainmôtier-Envy","5761"
"1268","Marin-Epagnier","6457"
"1269","Gruyères","2135"
"1270","Epalinges","5584"
"1271","Essertines-sur-Yverdon","5520"
"1272","Epauvillers","6746"
"1273","Ependes (FR)","2189"
"1274","Ependes (VD)","5914"
"1275","Epesses","5603"
"1276","Saint-Maurice","6217"
"1277","Epiquerez","6747"
"1278","Eppenberg-Wöschnau","2574"
"1279","Buchachern (bis ???)","4479"
"1280","Epsach","735"
"1281","Eptingen","2885"
"1282","Ergisch","6104"
"1283","Eriswil","953"
"1284","Erlenbach (ZH)","151"
"1285","Erlenbach im Simmental","763"
"1286","Ermatingen","4646"
"1287","Ermensee","1025"
"1288","Ernen","6056"
"1289","Ernetschwil","3331"
"1290","Erschwil","2615"
"1291","Ersigen","405"
"1292","Erstfeld","1206"
"1293","Eschert","692"
"1294","Eschikofen (bis ????)","4581"
"1295","Lindau","176"
"1296","Eschlikon (bis ???)","4762"
"1297","Escholzmatt (bis 2012)","1003"
"1298","Esmonts","2074"
"1299","Essert (FR)","2190"
"1300","Essertes","5788"
"1301","Essert-Pittet","5915"
"1302","Wallenried","2283"
"1303","Le Lieu","5873"
"1304","Essert-sous-Champvent (bis 2011)","5916"
"1305","Estavannens","2133"
"1306","Estavayer-le-Gibloux","2191"
"1307","Estavayer-le-Lac","2015"
"1308","Estévenens","2075"
"1309","Etagnières","5521"
"1310","Etoy","5636"
"1311","Payerne","5822"
"1312","Wetzikon (ZH)","121"
"1313","Ettenhausen (bis ????)","4553"
"1314","Ettingen","2768"
"1315","Ettiswil","1128"
"1316","Etzelkofen","537"
"1317","Schlierbach","1100"
"1318","Etzgen","4162"
"1319","Etziken","2518"
"1320","Leuggern","4313"
"1321","Homburg","4816"
"1322","Hérémence","6084"
"1323","Evilard","372"
"1324","Evionnaz","6213"
"1325","Ittigen","362"
"1326","Visp","6297"
"1327","Eysins","5716"
"1328","Rüschegg","853"
"1329","Rüti (ZH)","118"
"1330","Würenlos","4048"
"1331","Oberneunforn (bis ???)","4597"
"1332","Fahrni","925"
"1333","Fahrwangen","4196"
"1334","Weiningen (ZH)","251"
"1335","Unterengstringen","249"
"1336","Geroldswil","244"
"1337","Fahy","6789"
"1338","Faido","5072"
"1339","Schiers","3962"
"1340","Falera","3572"
"1341","Reichenbach im Kandertal","567"
"1342","Fanas (bis 2010)","3971"
"1343","Trub","908"
"1344","Faoug","5458"
"1345","Patzen-Fardün (bis 2002)","3709"
"1346","Wassen","1220"
"1347","Farnern","975"
"1348","Schmitten (GR)","3514"
"1349","Farvagny-le-Grand","2192"
"1350","Farvagny-le-Petit","2193"
"1351","Féchy","5427"
"1352","Fehraltorf","172"
"1353","Fehren","2616"
"1354","Felben-Wellhausen","4561"
"1355","Hombrechtikon","153"
"1356","Feldbrunnen-St. Niklaus","2544"
"1357","Feldis/Veulden (bis 2008)","3632"
"1358","Felsberg","3731"
"1359","Salmsach","4441"
"1360","Fenin-Vilars-Saules","6477"
"1361","Ferden","6195"
"1362","Massonnens","2086"
"1363","Ferlens (VD)","5789"
"1364","St. Stephan","793"
"1365","Ferpicloz","2194"
"1366","Ferreyres","5483"
"1367","Feschel","6106"
"1368","Fescoggia","5183"
"1369","Fétigny","2016"
"1370","Feuerthalen","27"
"1371","Gsteig","841"
"1372","Sils im Engadin/Segl","3789"
"1373","Fey","5522"
"1374","Fiaugères","2327"
"1375","Fideris","3861"
"1376","Fieschertal","6058"
"1377","Prato (Leventina)","5078"
"1378","Fiez","5556"
"1379","Rossura","5080"
"1380","Filet","6174"
"1381","Filisur","3522"
"1382","Filzbach","1608"
"1383","Finhaut","6214"
"1384","Finsterhennen","493"
"1385","Fischbach","1129"
"1386","Fischbach-Göslikon","4067"
"1387","Fischenthal","114"
"1388","Fisibach","4306"
"1389","Fislisbach","4027"
"1390","Flaach","28"
"1391","Fläsch","3951"
"1392","Rougemont","5843"
"1393","Flerden","3662"
"1394","Fleurier","6506"
"1395","Flond (bis 2008)","3573"
"1396","Flüelen","1207"
"1397","Hofstetten-Flüh","2476"
"1398","Luthern","1135"
"1399","Flühli","1004"
"1400","Flumenthal","2545"
"1401","Flums","3292"
"1402","Quarten","3295"
"1403","Flurlingen","29"
"1404","Langwies (bis 2012)","3924"
"1405","Font (bis 2011)","2017"
"1406","Fontainemelon","6478"
"1407","Fontaines (NE)","6479"
"1408","Fontaines-sur-Grandson","5557"
"1409","Tarasp","3745"
"1410","Ronco sopra Ascona","5125"
"1411","Fontanezier (bis 2011)","5558"
"1412","Schüpfheim","1008"
"1413","Bex (bis 2006)","5401"
"1414","Fontenais","6790"
"1415","Küsnacht (ZH)","154"
"1416","Forel (FR) (bis 2005)","2018"
"1417","Forel (Lavaux)","5604"
"1418","Forel-sur-Lucens","5672"
"1419","Lossy-Formangueires","2203"
"1420","Lajoux (JU)","6750"
"1421","Forst","926"
"1422","Vira (Gambarogno)","5134"
"1423","Murist","2034"
"1424","Fräschels","2258"
"1425","Frasco","5105"
"1426","Frasnacht (bis 1998)","4402"
"1427","Frasses (bis 2003)","2020"
"1428","Fraubrunnen","538"
"1429","Frauenkappelen","663"
"1430","Osco","5075"
"1431","Fregiécourt","6791"
"1432","Freienstein-Teufen","57"
"1433","Freienwil","4028"
"1434","Freimettigen","607"
"1435","Saint-Gingolph","6155"
"1436","Frenkendorf","2824"
"1437","Fresens","6409"
"1438","Münchwilen (TG)","4746"
"1439","Uster","198"
"1440","Frick","4163"
"1441","Rudolfstetten-Friedlisberg","4075"
"1442","Vauffelin","447"
"1443","Friltschen (bis ???)","4922"
"1444","Rüderswil","905"
"1445","Froideville","5523"
"1446","Vals","3603"
"1447","Kerns","1404"
"1448","Gadmen","781"
"1449","Fuldera (bis 2008)","3841"
"1450","Fulenbach","2575"
"1451","Füllinsdorf","2825"
"1452","Full-Reuenthal","4307"
"1453","Realp","1212"
"1454","Furna","3862"
"1455","Fürstenau","3633"
"1456","Uors-Peiden (bis 2001)","3602"
"1457","Fusio","5312"
"1458","Villaz-Saint-Pierre","2111"
"1459","Wuppenau","4791"
"1460","Gächlingen","2901"
"1461","Gächliwil","2448"
"1462","Gachnang","4571"
"1463","Gordola","5108"
"1464","Stabio","5266"
"1465","Gais","3022"
"1466","Galgenen","1342"
"1467","Gallenkirch","4098"
"1468","Jeuss","2264"
"1469","Gals","494"
"1470","Sumiswald","957"
"1471","Gampel","6107"
"1472","Gams","3272"
"1473","Gandria","5184"
"1474","Gänsbrunnen","2423"
"1475","Ganterschwil","3403"
"1476","Köniz","355"
"1477","Thalwil","141"
"1478","Gebenstorf","4029"
"1479","Menznau","1136"
"1480","Schattenhalb","786"
"1481","Gelfingen (bis 2008)","1027"
"1482","Gelterfingen","865"
"1483","Gelterkinden","2846"
"1484","Geltwil","4232"
"1485","Gempen","2474"
"1486","Le Grand-Saconnex","6623"
"1487","Genolier","5718"
"1488","Gentilino","5185"
"1489","Gerlafingen","2519"
"1490","Täuffelen","751"
"1491","Gerra (Gambarogno)","5106"
"1492","Gersau","1311"
"1493","Gerzensee","866"
"1494","Geschinen","6059"
"1495","Gettnau","1130"
"1496","Geuensee","1085"
"1497","Guarda","3742"
"1498","Giebenach","2826"
"1499","Giez","5559"
"1500","Gillarens","2077"
"1501","Gilly","5857"
"1502","Walperswil","754"
"1503","Gingins","5719"
"1504","Gipf-Oberfrick","4165"
"1505","Turbenthal","228"
"1506","Waltalingen","44"
"1507","Ossingen","37"
"1508","Gisikon","1055"
"1509","Giswil","1403"
"1510","Giubiasco","5005"
"1511","Giumaglio","5313"
"1512","Givrins","5720"
"1513","Gland","5721"
"1514","Vullierens","5654"
"1515","Vordemwald","4287"
"1516","Sierre","6248"
"1517","Glarus","1632"
"1518","Steckborn","4864"
"1519","Tschappina","3669"
"1520","Opfikon","66"
"1521","Glattfelden","58"
"1522","Wallisellen","69"
"1523","Schötz","1143"
"1524","Ligerz","740"
"1525","Gletterens","2022"
"1526","Ilanz","3574"
"1527","Steffisburg","939"
"1528","Glovelier","6714"
"1529","Gluringen","6060"
"1530","Niederwil (AG)","4072"
"1531","Gnosca","5006"
"1532","Vaglio (bis 2008)","5228"
"1533","Golaten","664"
"1534","Goldach","3213"
"1535","Hasliberg","783"
"1536","Goldingen","3333"
"1537","Ringgenberg (BE)","590"
"1538","Gollion","5484"
"1539","Gommiswald","3334"
"1540","Gondiswil","326"
"1541","Zwischbergen","6011"
"1542","Gonten","3102"
"1543","Lütisburg","3393"
"1544","Goppisberg","6175"
"1545","Gordevio","5314"
"1546","Gorduno","5007"
"1547","Gossens","5917"
"1548","Gossliwil","2449"
"1549","Saxon","6141"
"1550","Gottlieben","4651"
"1551","Orpund","744"
"1552","Goumoens-la-Ville (bis 2011)","5524"
"1553","Goumoens-le-Jux (bis 2011)","5525"
"1554","Graben","976"
"1555","Grabs","3273"
"1556","Grächen","6285"
"1557","Meikirch","307"
"1558","Graltshausen (bis ???)","4893"
"1559","Grancia","5186"
"1560","Grancy","5485"
"1561","Savagnier","6484"
"1562","Grandevent","5560"
"1563","Grandfontaine","6792"
"1564","Montignez (bis 2008)","6796"
"1565","Lancy","6628"
"1566","Mannens-Grandsivaz (bis 2003)","2026"
"1567","Grandval","694"
"1568","Grandvaux","5605"
"1569","Grandvillard","2134"
"1570","Posieux","2219"
"1571","Grenchen","2546"
"1572","Granges (Veveyse)","2328"
"1573","Granges-de-Vesin (bis 2003)","2023"
"1574","Trey","5827"
"1575","Pierrafortscha","2216"
"1576","Grangettes","2079"
"1577","Grattavache","2329"
"1578","Gravesano","5187"
"1579","Greich","6176"
"1580","Greifensee","194"
"1581","Grellingen","2786"
"1582","Greng","2261"
"1583","Grengiols","6177"
"1584","Grenilles","2199"
"1585","Grens","5722"
"1586","Greppen","1056"
"1587","Gresso","5109"
"1588","Gressy (bis 2011)","5918"
"1589","Gretzenbach","2576"
"1590","Langrickenbach","4681"
"1591","Grimentz","6237"
"1592","Grindel","2617"
"1593","Ramosch (bis 2012)","3751"
"1594","Grolley","2200"
"1595","Grono","3832"
"1596","Grossdietwil","1131"
"1597","Guschelmuth (bis 2002)","2263"
"1598","Grosshöchstetten","608"
"1599","Grosswangen","1086"
"1600","Grub (AR)","3031"
"1601","Turtmann (bis 2012)","6114"
"1602","Torre","5047"
"1603","Urnäsch","3006"
"1604","Wattenwil","886"
"1605","Müllheim","4831"
"1606","Kleinbösingen","2266"
"1607","Staldenried","6294"
"1608","Gudo","5008"
"1609","Mur (VD)","5460"
"1610","Guggisberg","852"
"1611","Gumefens","2136"
"1612","Muri bei Bern","356"
"1613","Gündelhart-Hörhausen (bis ???)","4861"
"1614","Russikon","178"
"1615","Gündlischwand","578"
"1616","Hohenrain","1032"
"1617","Günsberg","2547"
"1618","Guntershausen bei Aadorf (bis ???)","4554"
"1619","Guntershausen bei Birwinken (bis ???)","4903"
"1620","Sonterswil (bis ???)","4703"
"1621","Guntmadingen","2902"
"1622","Gunzgen","2578"
"1623","Gurbrü","665"
"1624","Rüti bei Riggisberg","882"
"1625","Krinau","3373"
"1626","Gurtnellen","1209"
"1627","Gurzelen","867"
"1628","Gutenburg","327"
"1629","Volketswil","199"
"1630","Thalheim an der Thur","39"
"1631","Guttet","6108"
"1632","Güttingen","4656"
"1633","Gy","6624"
"1634","Konolfingen","612"
"1635","Teufen (AR)","3024"
"1636","Habsburg","4099"
"1637","Hasle (LU)","1005"
"1638","Rehetobel","3034"
"1639","Häfelfingen","2847"
"1640","Schönholzerswilen","4756"
"1641","Merenschwand","4234"
"1642","Hagneck","736"
"1643","Halden (bis ???)","4497"
"1644","Haldenstein","3941"
"1645","Erstfeld","1205"
"1646","Schattdorf","1213"
"1647","Signau","907"
"1648","Hallau","2971"
"1649","Hallwil","4197"
"1650","Halten","2520"
"1651","Heiligenschwendi","927"
"1652","Küssnacht am Rigi","1331"
"1653","Hämikon (bis 2008)","1028"
"1654","Lyss","306"
"1655","Harenwilen (bis ????)","4582"
"1656","Härkingen","2402"
"1657","Widen","4081"
"1658","Wilchingen","2974"
"1659","Haslen","1610"
"1660","Schlatt-Haslen","3104"
"1661","Rümligen","881"
"1662","Muri (AG)","4236"
"1663","Wigoltingen (bis ???)","4954"
"1664","Lipperswil (bis ???)","4702"
"1665","Hätzingen","1611"
"1666","Hauenstein-Ifenthal","2491"
"1667","Kappel am Albis","6"
"1668","Hauptwil (bis ???)","4487"
"1669","Hausen bei Brugg","4100"
"1670","Hauterive","6454"
"1671","Roches (BE)","704"
"1672","Hauteville","2137"
"1673","Häutligen","609"
"1674","Haut-Vully","2281"
"1675","Hedingen","5"
"1676","Mels","3293"
"1677","Heimberg","928"
"1678","Heimenhausen","977"
"1679","Trachselwald","958"
"1680","Heinrichswil-Winiistorf","2521"
"1681","Heitenried","2296"
"1682","Spreitenbach","4040"
"1683","Wittenwil (bis ????)","4555"
"1684","Herbligen","610"
"1685","Hellikon","4251"
"1686","Hellsau","408"
"1687","Hemishofen","2962"
"1688","Hemmental","2934"
"1689","Hemmiken","2848"
"1690","Hendschiken","4198"
"1691","Henggart","31"
"1692","Hennens (bis 1997)","2080"
"1693","Henniez","5819"
"1694","Herbetswil","2424"
"1695","Herdern","4811"
"1696","Kriens","1059"
"1697","Hergiswil (NW)","1507"
"1698","Hergiswil bei Willisau","1132"
"1699","Herisau","3001"
"1700","Herlisberg (bis 2005)","1029"
"1701","Hermance","6625"
"1702","Hermenches","5673"
"1703","Hermetschwil-Staffeln","4069"
"1704","Hermiswil","978"
"1705","Hermrigen","737"
"1706","Herrenhof (bis ???)","4677"
"1707","Kirchlindach","354"
"1708","Herrliberg","152"
"1709","Hersberg","2827"
"1710","Hersiwil","2522"
"1711","Obersiggenthal","4038"
"1712","Weggis","1069"
"1713","Herznach","4166"
"1714","Herzogenbuchsee","979"
"1715","Thundorf","4611"
"1716","Hessenreuti (bis ???)","4913"
"1717","Hessigkofen","2450"
"1718","Hettlingen","221"
"1719","Hildisrieden","1088"
"1720","Hilfikon","4070"
"1721","Hilterfingen","929"
"1722","Himmelried","2618"
"1723","Hindelbank","409"
"1724","Kallern","4233"
"1725","Untereggen","3219"
"1726","Wohlen bei Bern","360"
"1727","Hinterrhein","3691"
"1728","Uerkheim","4286"
"1729","Reute (AR)","3035"
"1730","Hirschthal","4007"
"1731","Hirzel","132"
"1732","Hitzkirch","1030"
"1733","Oberiberg","1368"
"1734","Unteriberg","1375"
"1735","Hochfelden","59"
"1736","Höchstetten","410"
"1737","Hochwald","2475"
"1738","Kippel","6197"
"1739","Rorschacherberg","3216"
"1740","Hofen","2916"
"1741","Ursenbach","344"
"1742","Unterägeri","1709"
"1743","Höfen","930"
"1744","Oberglatt","92"
"1745","Münchenbuchsee","546"
"1746","Hohentannen","4495"
"1747","Oberehrendingen","4036"
"1748","Hohtenn","6196"
"1749","Holderbank (AG)","4199"
"1750","Holderbank (SO)","2425"
"1751","Hölstein","2886"
"1752","Romanshorn","4436"
"1753","Holziken","4136"
"1754","Münchringen","547"
"1755","Homberg","931"
"1756","Honau","1057"
"1757","Horben (bis ???)","4763"
"1758","Horn","4421"
"1759","Hornussen","4167"
"1760","Horriwil","2523"
"1761","Horw","1058"
"1762","Hospental","1210"
"1763","Hottwil","4101"
"1764","Wolfhalden","3038"
"1765","Muolen","3202"
"1766","Mörschwil","3214"
"1767","Hubersdorf","2548"
"1768","Hugelshofen (bis ???)","4937"
"1769","Kleinlützel","2619"
"1770","Humlikon","32"
"1771","Hundwil","3002"
"1772","Hüniken","2524"
"1773","Hüntwangen","61"
"1774","Hunzenschwil","4200"
"1775","Hütten","134"
"1776","Hüttikon","87"
"1777","Hüttlingen","4490"
"1778","Huttwil","954"
"1779","Hüttwilen","4821"
"1780","Schwyz","1372"
"1781","Lüterkofen-Ichertswil","2455"
"1782","Icogne","6239"
"1783","Iffwil","541"
"1784","Igis (bis 2011)","3942"
"1785","Orvin","438"
"1786","Rossens (FR)","2222"
"1787","Illgau","1363"
"1788","Illhart (bis ???)","4953"
"1789","Illighausen (bis ???)","4661"
"1790","Indemini","5110"
"1791","Inden","6109"
"1792","Inkwil","980"
"1793","Innerferrera (bis 2007)","3706"
"1794","Innerthal","1343"
"1795","Interlaken","581"
"1796","Prez-vers-Siviriez (bis 2003)","2094"
"1797","Inwil","1033"
"1798","Ipsach","739"
"1799","Iragna","5284"
"1800","Rüdlingen","2938"
"1801","Iseltwald","582"
"1802","Isenthal","1211"
"1803","Iseo","5188"
"1804","Isérables","6134"
"1805","Islikon (bis ????)","4573"
"1806","Islisberg","4084"
"1807","Isone","5009"
"1808","Istighofen (bis ???)","4923"
"1809","Itingen","2849"
"1810","Ittenthal","4168"
"1811","Jaberg","868"
"1812","Jegenstorf","540"
"1813","Jenaz","3863"
"1814","Jenins","3952"
"1815","Jens","738"
"1816","Jonen","4071"
"1817","Jongny","5885"
"1818","Jonschwil","3405"
"1819","Jouxtens-Mézery","5585"
"1820","Tafers","2306"
"1821","Juriens","5754"
"1822","Jussy","6626"
"1823","Kaiseraugst","4252"
"1824","Kaiserstuhl","4308"
"1825","Kaisten","4169"
"1826","Kallnach","304"
"1827","Kaltbrunn","3313"
"1828","Zezikon (bis ???)","4714"
"1829","Kalthäusern ( bis ???)","4737"
"1830","Kammersrohr","2549"
"1831","Kandersteg","565"
"1832","Känerkinden","2850"
"1833","Kappel (SO)","2580"
"1834","Kappelen","305"
"1835","Warth (bis ???)","4618"
"1836","Oberflachs","4109"
"1837","Rümlang","97"
"1838","Regensdorf","96"
"1839","Kaufdorf","869"
"1840","Kefikon (bis ????)","4574"
"1841","Stäfa","158"
"1842","Kehrsatz","870"
"1843","Rapperswil (SG) (bis 2006)","3336"
"1844","Kernenried","411"
"1845","Kesswil","4426"
"1846","Mühlau","4235"
"1847","Kestenholz","2403"
"1848","Kienberg","2492"
"1849","Kienersrüti","871"
"1850","Kiesen","611"
"1851","Kilchberg (BL)","2851"
"1852","Sempach","1102"
"1853","Killwangen","4030"
"1854","Kirchdorf (BE)","872"
"1855","Kirchenthurnen","873"
"1856","Kirchleerau","4275"
"1857","Schlossrued","4142"
"1858","Klarsreuti (bis ???)","4905"
"1859","Kleindietwil","328"
"1860","Kleingurmels (bis 1999)","2267"
"1861","Wangen bei Olten","2586"
"1862","Mammern","4826"
"1863","Klingnau","4309"
"1864","Koblenz","4310"
"1865","Kölliken","4276"
"1866","Windisch","4123"
"1867","Koppigen","413"
"1868","Kottwil","1133"
"1869","Kradolf (bis ???)","4508"
"1870","Krattigen","566"
"1871","Malix (bis 2009)","3912"
"1872","Unterlangenegg","945"
"1873","Kriechenwil","666"
"1874","Kriegstetten","2525"
"1875","Küblis","3882"
"1876","Kulmerau (bis 2008)","1090"
"1877","Kümmertshausen (bis ???)","4480"
"1878","Oftringen","4280"
"1879","Tamins","3733"
"1880","Künten","4031"
"1881","Küttigen","4008"
"1882","Küttigkofen","2452"
"1883","Le Bémont (JU)","6741"
"1884","Montagny-près-Yverdon","5922"
"1885","Rossinière","5842"
"1886","La Chaux (Cossonay)","5474"
"1887","Sonvilier","445"
"1888","La Ferrière","435"
"1889","La Chaux-de-Fonds","6421"
"1890","La Chaux-des-Breuleux","6744"
"1891","Tramelan","446"
"1892","La Chaux-du-Milieu","6435"
"1893","Renan (BE)","441"
"1894","Savigny","5611"
"1895","Montfaucon","6751"
"1896","La Corbaz","2180"
"1897","La Côte-aux-Fées","6504"
"1898","L'Isle","5486"
"1899","Saint-Cergue","5727"
"1900","Vérossaz","6220"
"1901","Martigny-Combe","6137"
"1902","Trient","6142"
"1903","Le Noirmont","6754"
"1904","La Heutte","436"
"1905","La Joux (FR) (bis 2002)","2081"
"1906","Le Pâquier (NE)","6483"
"1907","La Magne (bis 2002)","2085"
"1908","Yvonand","5939"
"1909","Vugelles-La Mothe","5937"
"1910","Ocourt","6798"
"1911","La Neirigue (bis 2003)","2092"
"1912","Nods","724"
"1913","La Praz","5758"
"1914","Saulcy","6722"
"1915","Vucherens","5692"
"1916","Péry","439"
"1917","La Rippe","5726"
"1918","La Roche","2149"
"1919","La Rogivue (bis 2002)","5797"
"1920","Semsales","2336"
"1921","Les Clées","5750"
"1922","La Sarraz","5498"
"1923","Schelten","708"
"1924","La Tour-de-Trême","2154"
"1925","Oppens","5923"
"1926","Les Agettes","6081"
"1927","Progens","2332"
"1928","Laax","3575"
"1929","L'Abergement","5741"
"1930","Lachen","1344"
"1931","Plaffeien","2299"
"1932","Laconnex","6627"
"1933","Ladir","3576"
"1934","Lalden","6286"
"1935","Lamboing","722"
"1936","Lamone","5189"
"1937","Lampenberg","2887"
"1938","Landiswil","613"
"1939","Münsterlingen","4691"
"1940","Utzenstorf","552"
"1941","Längenbühl","933"
"1942","Langendorf","2550"
"1943","Oberhofen am Thunersee","934"
"1944","Langenthal","329"
"1945","Langnau bei Reiden","1134"
"1946","Lanterswil (bis ???)","4924"
"1947","Lantsch/Lenz","3513"
"1948","Largario","5037"
"1949","Sutz-Lattrigen","750"
"1950","Lauerz","1365"
"1951","Läufelfingen","2852"
"1952","Laufen","2787"
"1953","Laufen-Uhwiesen","34"
"1954","Laufenburg","4170"
"1955","Laupen","667"
"1956","Zuzwil (SG)","3426"
"1957","Roveredo (GR)","3834"
"1958","Lausen","2828"
"1959","Lauwil","2889"
"1960","Lavey-Morcles","5406"
"1961","Lavigny","5637"
"1962","Lavin","3743"
"1963","Lax","6061"
"1964","Salvan","6218"
"1965","Le Bry","2146"
"1966","Le Cerneux-Péquignot","6434"
"1967","Muriaux","6753"
"1968","Les Bayards","6501"
"1969","Le Châtelard","2067"
"1970","Le Locle","6436"
"1971","Le Crêt","2326"
"1972","Vallorbe","5764"
"1973","Saint-Martin (FR)","2335"
"1974","Le Mont-sur-Lausanne","5587"
"1975","Praroman","2220"
"1976","Montévraz","2210"
"1977","Le Pâquier (FR)","2145"
"1978","Le Peuchapatte","6755"
"1979","Les Genevez (JU)","6748"
"1980","Travers","6510"
"1981","Le Vaud","5731"
"1982","Luins","5858"
"1983","Léchelles","2024"
"1984","Leggia","3833"
"1985","Leimbach (AG)","4137"
"1986","Leimbach (TG) (bis ???)","4914"
"1987","Leimiswil","330"
"1988","Leissigen","585"
"1989","Lengnau (BE)","387"
"1990","Lentigny","2202"
"1991","Lenzburg","4201"
"1992","Les Brenets","6431"
"1993","Les Breuleux","6743"
"1994","Saignelégier","6757"
"1995","Les Verrières","6511"
"1996","Vex","6089"
"1997","Vuadens","2160"
"1998","Les Cullayes (bis 2011)","5786"
"1999","Les Ecasseys","2071"
"2000","Souboz","712"
"2001","Les Enfers","6745"
"2002","Saint-Aubin (FR)","2041"
"2003","Les Geneveys-sur-Coffrane","6480"
"2004","Les Hauts-Geneveys","6481"
"2005","Pully","5590"
"2006","Les Planchettes","6422"
"2007","Mex (VS)","6216"
"2008","Les Pommerats","6756"
"2009","Saint-Imier","443"
"2010","Vaulruz","2155"
"2011","Les Ponts-de-Martel","6437"
"2012","Provence","5566"
"2013","Montfavergier","6752"
"2014","Les Tavernes (bis 2011)","5800"
"2015","Les Thioleyres (bis 2011)","5801"
"2016","Mont-Tramelan","437"
"2017","Sarn (bis 2009)","3666"
"2018","Lessoc","2139"
"2019","Leuggelbach","1612"
"2020","Leutwil","4138"
"2021","Leuzigen","388"
"2022","Leysin","5407"
"2023","Lichtensteig","3374"
"2024","Liebistorf (bis 2002)","2269"
"2025","Liedertswil","2890"
"2026","Lieffrens (bis 2002)","2082"
"2027","Lieli (bis 2006)","1034"
"2028","Oberwil-Lieli","4074"
"2029","Liesberg","2788"
"2030","Lignerolle","5755"
"2031","Lignières","6456"
"2032","Ligornetto","5253"
"2033","Limpach","542"
"2034","Mühlethal","4278"
"2035","Linescio","5315"
"2036","Saint-Saphorin (Lavaux)","5610"
"2037","Linn","4103"
"2038","Lippoldswilen (bis ???)","4635"
"2039","Wildhaus (bis 2009)","3357"
"2040","Littau (bis 2009)","1060"
"2041","Loco","5114"
"2042","Lodano","5316"
"2043","Lodrino","5285"
"2044","Mesocco","3822"
"2045","Lohn (SH)","2917"
"2046","Lohn (GR)","3707"
"2047","Löhningen","2903"
"2048","Lohnstorf","874"
"2049","Lommis","4741"
"2050","Lommiswil","2551"
"2051","Lonay","5638"
"2052","Longirod","5429"
"2053","Lopagno (bis 2008)","5190"
"2054","Lostorf","2493"
"2055","Lotzwil","331"
"2056","Lurtigen","2270"
"2057","Lovatens","5674"
"2058","Lovens","2204"
"2059","Loveresse","696"
"2060","Pleigne","6719"
"2061","Lü (bis 2008)","3842"
"2062","Lucens","5675"
"2063","Luchsingen","1614"
"2064","Ludiano","5040"
"2065","Lüen (bis 2012)","3925"
"2066","Lugaggia (bis 2008)","5191"
"2067","Lugnez","6793"
"2068","Lully (FR)","2025"
"2069","Lully (VD)","5639"
"2070","Lumbrein (bis 2012)","3595"
"2071","Lumino","5010"
"2072","St. Martin","3598"
"2073","Lupsingen","2830"
"2074","Lüscherz","497"
"2075","Lussery-Villars","5487"
"2076","Lüsslingen","2454"
"2077","Lussy (FR)","2083"
"2078","Lussy-sur-Morges","5640"
"2079","Luterbach","2527"
"2080","Lüterswil","2456"
"2081","Lütschental","586"
"2082","Luven","3577"
"2083","Maienfeld","3953"
"2084","Lyssach","415"
"2085","Villarimboud","2109"
"2086","Madiswil","332"
"2087","Orselina","5121"
"2088","Madulain","3783"
"2089","Magden","4253"
"2090","Mägenwil","4032"
"2091","Maggia","5317"
"2092","Magliaso","5193"
"2093","Magnedens","2205"
"2094","Vétroz","6025"
"2095","Mairengo","5074"
"2096","Maisprach","2853"
"2097","Maladers","3926"
"2098","Malans","3954"
"2099","Malapalud (bis 2008)","5526"
"2100","Sorens","2153"
"2101","Malleray","697"
"2102","Mandach","4105"
"2103","Männedorf","155"
"2104","Maracon","5790"
"2105","Marbach (LU) (bis 2012)","1006"
"2106","Marbach (SG)","3253"
"2107","Marchissy","5430"
"2108","Metzerlen","2477"
"2109","Marmorera","3533"
"2110","Marnand (bis 2011)","5820"
"2111","Maroggia","5195"
"2112","Marolta","5042"
"2113","Marsens","2140"
"2114","Martherenges","5676"
"2115","Tschlin (bis 2012)","3753"
"2116","Martisberg","6178"
"2117","Märwil (bis ???)","4713"
"2118","Maschwanden","8"
"2119","Mase","6085"
"2120","Massagno","5196"
"2121","Mastrils (bis 2011)","3943"
"2122","Mathod","5919"
"2123","Mathon","3708"
"2124","Matran","2208"
"2125","Matt","1615"
"2126","Matten bei Interlaken","587"
"2127","Saas Almagell","6288"
"2128","Mattstetten","543"
"2129","Mattwil (bis ???)","4906"
"2130","Mauborget","5562"
"2131","Maules","2141"
"2132","Mauraz","5488"
"2133","Mauren (bis ???)","4894"
"2134","Vionnaz","6158"
"2135","Nax","6086"
"2136","Saint-Jean","6245"
"2137","Medels im Rheinwald (bis 2005)","3692"
"2138","Meggen","1063"
"2139","Meienried","389"
"2140","Meinisberg","390"
"2141","Meisterschwanden","4202"
"2142","Melano","5197"
"2143","Melchnau","333"
"2144","Melide","5198"
"2145","Mellikon","4314"
"2146","Mellingen","4033"
"2147","Wislikofen","4322"
"2148","Meltingen","2620"
"2149","Mendrisio","5254"
"2150","Ménières","2027"
"2151","Menziken","4139"
"2152","Menzonio","5318"
"2153","Mergoscia","5117"
"2154","Meride","5255"
"2155","Merishausen","2936"
"2156","Meyriez","2271"
"2157","Mervelier","6715"
"2158","Merzligen","741"
"2159","Mettau","4171"
"2160","Mettembert","6716"
"2161","Mettendorf (bis ????)","4584"
"2162","Mettlen (bis ???)","4925"
"2163","Schongau","1041"
"2164","Niederhasli","90"
"2165","Mett-Oberschlatt (bis ???)","4532"
"2166","Mex (VD)","5489"
"2167","Mézery-près-Donneloye","5920"
"2168","Mézières (FR)","2087"
"2169","Mézières (VD)","5791"
"2170","Mezzovico-Vira","5199"
"2171","Middes (bis 2003)","2088"
"2172","Miécourt","6794"
"2173","Miège","6241"
"2174","Mies","5723"
"2175","Vernayaz","6219"
"2176","Miglieglia","5200"
"2177","Minusio","5118"
"2178","Mirchel","615"
"2179","Misery-Courtion","2272"
"2180","Missy","5821"
"2181","Moghegno","5319"
"2182","Möhlin","4254"
"2183","Moiry","5490"
"2184","Moleno","5012"
"2185","Molinis (bis 2012)","3927"
"2186","Mulegns","3534"
"2187","Mont-la-Ville","5491"
"2188","Mollens (VD)","5431"
"2189","Molondin","5921"
"2190","Mon","3502"
"2191","Monible","699"
"2192","Puplinge","6636"
"2193","Monnaz (bis 2011)","5641"
"2194","Müntschemier","498"
"2195","Moutier","700"
"2196","Montagny-la-Ville (bis 1999)","2028"
"2197","Montalchez","6411"
"2198","Montbrelloz (bis 2005)","2031"
"2199","Montcherand","5756"
"2200","Mont-sur-Rolle","5859"
"2201","Monte","5256"
"2202","Montenol","6795"
"2203","Montet (Broye) (bis 2003)","2032"
"2204","Montet (Glâne)","2089"
"2205","Montherod","5432"
"2206","San Vittore","3835"
"2207","Muntelier","2274"
"2208","Montmagny","5459"
"2209","Montmelon","6797"
"2210","Thielle-Wavre","6460"
"2211","Montmollin","6482"
"2212","Montpreveyres","5792"
"2213","Montricher","5492"
"2214","Montsevelier","6717"
"2215","Moosleerau","4277"
"2216","Moosseedorf","544"
"2217","Morbio Superiore","5258"
"2218","Morens (FR)","2033"
"2219","Morges","5642"
"2220","Mörigen","742"
"2221","Möriken-Wildegg","4203"
"2222","Morissen (bis 2012)","3596"
"2223","Vuarmarens","2112"
"2224","Morlon","2143"
"2225","Morrens (VD)","5527"
"2226","Morschach","1366"
"2227","Oberthal","620"
"2228","Mosen (bis 2008)","1035"
"2229","Mosogno","5119"
"2230","Mossel (bis 2000)","2091"
"2231","Môtiers (NE)","6507"
"2232","Mötschwil","416"
"2233","Movelier","6718"
"2234","Monte Carasso","5013"
"2235","Rovio","5219"
"2236","Mugena","5204"
"2237","Muggio","5259"
"2238","Muhen","4009"
"2239","Oberembrach","65"
"2240","Mühlebach","6062"
"2241","Mühledorf (BE)","875"
"2242","Niedergösgen","2495"
"2243","Mühledorf (SO)","2458"
"2244","Mühlehorn","1618"
"2245","Mühlethurnen","876"
"2246","Walterswil (BE)","959"
"2247","Mülchi","545"
"2248","Tschugg","501"
"2249","Mülligen","4107"
"2250","Mümliswil-Ramiswil","2428"
"2251","Mumpf","4255"
"2252","Münchenstein","2769"
"2253","Münchenwiler","669"
"2254","Münchwilen (AG)","4172"
"2255","Mund","6006"
"2256","Münsingen","616"
"2257","Müstair (bis 2008)","3843"
"2258","Münster (VS)","6063"
"2259","Muralto","5120"
"2260","Pfaffnau","1139"
"2261","Müswangen (bis 2008)","1036"
"2262","Mutrux","5563"
"2263","Zufikon","4083"
"2264","Mutten","3503"
"2265","Niederbüren","3422"
"2266","Näfels","1619"
"2267","Naz (bis 2011)","5528"
"2268","Nebikon","1137"
"2269","Oberhelfenschwil","3375"
"2270","Neerach","88"
"2271","Neggio","5206"
"2272","Neirivue","2144"
"2273","Nennigkofen","2459"
"2274","Nenzlingen","2789"
"2275","Weiningen (TG)","4838"
"2276","Netstal","1620"
"2277","Roggliswil","1142"
"2278","Neudorf (bis 2012)","1092"
"2279","Neuendorf","2404"
"2280","Neuenhof","4034"
"2281","Plasselb","2300"
"2282","Neuhausen am Rheinfall","2937"
"2283","Neuheim","1705"
"2284","Neukirch an der Thur (bis ???)","4498"
"2285","Neunkirch","2904"
"2286","Pfungen","224"
"2287","Reinach (BL)","2773"
"2288","Rheinau","38"
"2289","Neuwilen (bis ???)","4636"
"2290","Neyruz (FR)","2211"
"2291","Neyruz-sur-Moudon","5679"
"2292","Nidau","743"
"2293","Rüschlikon","139"
"2294","Nidfurn","1621"
"2295","Niederbipp","981"
"2296","Niederbuchsiten","2405"
"2297","Niederdorf","2891"
"2298","Niedererlinsbach","2494"
"2299","Niedergesteln","6198"
"2300","Niederglatt","89"
"2301","Niederhünigen","617"
"2302","Niederlenz","4204"
"2303","Niedermuhlern","877"
"2304","Niederneunforn (bis ???)","4596"
"2305","Niederönz","982"
"2306","Niederösch","417"
"2307","Niederried bei Interlaken","588"
"2308","Niederried bei Kallnach","308"
"2309","Niederrohrdorf","4035"
"2310","Sommeri","4446"
"2311","Steinmaur","101"
"2312","Niederstocken","764"
"2313","Urdorf","250"
"2314","Niederurnen","1622"
"2315","Niederwald","6064"
"2316","Niederweningen","91"
"2317","Niederwichtrach","618"
"2318","Niederwil (SO)","2552"
"2319","Ponthaux","2217"
"2320","Saint-Luc","6247"
"2321","Noflen","878"
"2322","Pambio-Noranco","5209"
"2323","Noréaz","2213"
"2324","Novaggio","5207"
"2325","Novalles","5564"
"2326","Nufenen","3693"
"2327","Nuglar-St. Pantaleon","2478"
"2328","Römerswil","1039"
"2329","Wangen (SZ)","1349"
"2330","Nussbaumen (bis ???)","4822"
"2331","Schlatt","226"
"2332","Nusshof","2854"
"2333","Nuvilly","2035"
"2334","Oberbalm","357"
"2335","Oberbipp","983"
"2336","Oberbözberg","4108"
"2337","Oberbuchsiten","2406"
"2338","Oberburg","418"
"2339","Oberbussnang (bis ???)","4926"
"2340","Oberdiessbach","619"
"2341","Oberdorf (SO)","2553"
"2342","Oberdorf (BL)","2892"
"2343","Oberems","6112"
"2344","Oberengstringen","245"
"2345","Oberentfelden","4010"
"2346","Obererlinsbach","2496"
"2347","Obergerlafingen","2528"
"2348","Obergesteln (bis 2008)","6065"
"2349","Obergösgen","2497"
"2350","Oberhallau","2972"
"2351","Oberhofen (AG)","4174"
"2352","Suraua (bis 2012)","3599"
"2353","Oberkirch","1095"
"2354","Zullwil","2622"
"2355","Oberkulm","4140"
"2356","Oberlangenegg","935"
"2357","Oberlunkhofen","4073"
"2358","Obermumpf","4256"
"2359","Seuzach","227"
"2360","Oberönz","984"
"2361","Opfershofen (TG) (bis ???)","4915"
"2362","Oberösch","419"
"2363","Oberramsern","2460"
"2364","Oberried (FR)","2214"
"2365","Oberrieden","137"
"2366","Oberrohrdorf","4037"
"2367","Oberrüti","4237"
"2368","Winkel","72"
"2369","Oberschrot","2298"
"2370","Oberstammheim","36"
"2371","Obersteckholz","334"
"2372","Steinach","3217"
"2373","Oberstocken","765"
"2374","Urmein","3670"
"2375","Oberurnen","1623"
"2376","Oberweningen","93"
"2377","Oberwichtrach","621"
"2378","Oberwil (BL)","2771"
"2379","Oberwil (TG) (bis ????)","4576"
"2380","Starrkirch-Wil","2584"
"2381","Oberwil bei Büren","391"
"2382","Zug","1711"
"2383","Zeihen","4183"
"2384","Obstalden","1624"
"2385","Ochlenberg","985"
"2386","Wil (AG)","4180"
"2387","Oekingen","2529"
"2388","Oensingen","2407"
"2389","Oeschgen","4175"
"2390","Oetwil am See","157"
"2391","Oetwil an der Limmat","246"
"2392","Ogens","5680"
"2393","Ohmstal","1138"
"2394","Oleyres","5461"
"2395","Vico Morcote","5233"
"2396","Olsberg","4257"
"2397","Olten","2581"
"2398","Oltingen","2855"
"2399","Onex","6631"
"2400","Onnens (FR)","2215"
"2401","Onnens (VD)","5565"
"2402","Opfertshofen (SH)","2918"
"2403","Oppikon (bis ???)","4927"
"2404","Oppligen","622"
"2405","Orbe","5757"
"2406","Orges","5924"
"2407","Ormalingen","2856"
"2408","Ulmiz","2278"
"2409","Orny","5493"
"2410","Oron-la-Ville (bis 2011)","5793"
"2411","Oron-le-Châtel (bis 2011)","5794"
"2412","Orsonnens (bis 2000)","2093"
"2413","Orzens","5925"
"2414","Osogna","5286"
"2415","Osterfingen","2905"
"2416","Otelfingen","94"
"2417","Othmarsingen","4205"
"2418","Ottenbach","11"
"2419","Oulens-sous-Echallens","5529"
"2420","Oulens-sur-Lucens","5681"
"2421","Pagig (bis 2007)","3928"
"2422","Pailly","5530"
"2423","Palézieux (bis 2011)","5795"
"2424","Pampigny","5494"
"2425","Salouf","3538"
"2426","Pigniu","3613"
"2427","Seewis im Prättigau","3972"
"2428","Sobrio","5081"
"2429","Parpan (bis 2009)","3913"
"2430","Riom-Parsonz","3536"
"2431","Paspels","3634"
"2432","Paudex","5588"
"2433","Pianezzo","5014"
"2434","Pazzallo","5211"
"2435","Peccia","5320"
"2436","Peist (bis 2012)","3929"
"2437","Vuiteboeuf","5766"
"2438","Peney-le-Jorat (bis 2011)","5796"
"2439","Penthaz","5496"
"2440","Penthéréaz","5531"
"2441","Root","1065"
"2442","Pieterlen","392"
"2443","Perrefitte","701"
"2444","Perroy","5860"
"2445","Personico","5076"
"2446","Peseux","6412"
"2447","Peyres-Possens","5682"
"2448","Pfeffikon (bis 2012)","1096"
"2449","Pfeffingen","2772"
"2450","Pfyn","4841"
"2451","Verdabbio","3836"
"2452","Piazzogna","5123"
"2453","Pignia (bis 2008)","3710"
"2454","Veyrier","6645"
"2455","Pitasch","3578"
"2456","Vilters-Wangs","3297"
"2457","Pizy","5433"
"2458","Vacallo","5268"
"2459","Plagne","440"
"2460","Pleujouse","6799"
"2461","Pohlern","936"
"2462","Riva San Vitale","5263"
"2463","Poliez-le-Grand (bis 2011)","5532"
"2464","Poliez-Pittet","5533"
"2465","Pollegio","5077"
"2466","Pompaples","5497"
"2467","Pont (Veveyse)","2330"
"2468","Tegna","5130"
"2469","Ponte Capriasca","5212"
"2470","Ponte Tresa","5213"
"2471","Pontenet","702"
"2472","Pont-la-Ville","2147"
"2473","Ponto Valentino","5044"
"2474","Porrentruy","6800"
"2475","Porsel","2331"
"2476","Port","745"
"2477","Portalban (bis 2004)","2036"
"2478","Portein (bis 2009)","3664"
"2479","Porza","5214"
"2480","Posat","2218"
"2481","Tiefencastel","3505"
"2482","Scuol","3762"
"2483","Praden (bis 2008)","3914"
"2484","Prahins (bis 2011)","5927"
"2485","Praratoud (bis 2004)","2037"
"2486","Prato-Sornico","5321"
"2487","Pratteln","2831"
"2488","Pratval","3635"
"2489","Treyvaux","2226"
"2490","Premier","5759"
"2491","Preonzo","5015"
"2492","Préverenges","5643"
"2493","Prévondavaux","2038"
"2494","Prévonloup","5683"
"2495","Prez-vers-Noréaz","2221"
"2496","Sargans","3296"
"2497","Promasens","2095"
"2498","Prugiasco","5045"
"2499","Pura","5216"
"2500","Scheid (bis 2008)","3639"
"2501","Stadel","100"
"2502","Sevelen","3275"
"2503","Rafz","67"
"2504","Rain","1037"
"2505","Ramlinsburg","2832"
"2506","Stein (AR)","3005"
"2507","Rancate","5262"
"2508","Rances","5760"
"2509","Randa","6287"
"2510","Sant'Abbondio","5128"
"2511","Raron","6199"
"2512","Rebeuvelier","6720"
"2513","Rebstein","3255"
"2514","Recherswil","2530"
"2515","Reckingen (VS)","6067"
"2516","Réclère","6801"
"2517","Vicques","6727"
"2518","Regensberg","95"
"2519","Zollikofen","361"
"2520","Reichenburg","1345"
"2521","Reiden","1140"
"2522","Reigoldswil","2893"
"2523","Rüfenach","4112"
"2524","Reinach (AG)","4141"
"2525","Zillis-Reischen","3712"
"2526","Reisiswil","336"
"2527","Reitnau","4281"
"2528","Rekingen (AG)","4315"
"2529","Remaufens","2333"
"2530","Remigen","4110"
"2531","Renens (VD)","5591"
"2532","Rennaz","5412"
"2533","Retschwil (bis 2008)","1038"
"2534","Seon","4209"
"2535","Zäziwil","628"
"2536","Salen-Reutenen (bis ???)","4863"
"2537","Reuti (bis ???)","4928"
"2538","Reutigen","767"
"2539","Reverolle","5644"
"2540","Rhäzüns","3723"
"2541","Rheineck","3235"
"2542","Rheinfelden","4258"
"2543","Rheinklingen (bis ???)","4872"
"2544","Riaz","2148"
"2545","Richenthal","1141"
"2546","Rickenbach (ZH)","225"
"2547","Rickenbach (BL)","2857"
"2548","Rickenbach (SO)","2582"
"2549","Rickenbach (TG)","4751"
"2550","Ried bei Kerzers","2276"
"2551","Rieden","3314"
"2552","Ried bei Mörel","6180"
"2553","Riedern","1625"
"2554","Riedt (bis ???)","4509"
"2555","Riehen","2703"
"2556","Riein","3579"
"2557","Riemenstalden","1369"
"2558","Rietheim","4316"
"2559","Riex","5608"
"2560","Rifferswil","12"
"2561","Riggisberg","879"
"2562","Uitikon","248"
"2563","Riniken","4111"
"2564","Ritzingen","6068"
"2565","Rivaz","5609"
"2566","Someo","5322"
"2567","Robasacco","5016"
"2568","Roche (VD)","5413"
"2569","Roche-d'Or","6802"
"2570","Rocourt","6803"
"2571","Rodels","3636"
"2572","Rodersdorf","2479"
"2573","Rona (bis 1997)","3537"
"2574","Roggenburg","2790"
"2575","Roggwil (BE)","337"
"2576","Rohr (AG)","4011"
"2577","Rohr (SO)","2498"
"2578","Rohrbach","338"
"2579","Rohrbachgraben","339"
"2580","Rolle","5861"
"2581","Romairon (bis 2011)","5567"
"2582","Romanel-sur-Lausanne","5592"
"2583","Romanel-sur-Morges","5645"
"2584","Romanens","2150"
"2585","Romont (BE)","442"
"2586","Rongellen","3711"
"2587","Ropraz","5798"
"2588","Rorbas","68"
"2589","Rorschach","3215"
"2590","Röschenz","2791"
"2591","Welschenrohr","2429"
"2592","Rossemaison","6721"
"2593","Rossenges","5684"
"2594","Rossens (VD) (bis 2006)","5823"
"2595","Termen","6010"
"2596","Walterswil (SO)","2585"
"2597","Röthenbach bei Herzogenbuchsee","986"
"2598","Rothenbrunnen","3637"
"2599","Rothenfluh","2858"
"2600","Rothenhausen (bis ???)","4929"
"2601","Rothrist","4282"
"2602","Rottenschwil","4238"
"2603","Roveredo (TI) (bis 2008)","5218"
"2604","Rovray","5928"
"2605","Trüllikon","40"
"2606","Rüegsau","956"
"2607","Tinizong-Rona","3541"
"2608","Rueun","3614"
"2609","Rueyres","5534"
"2610","Rueyres-les-Prés","2039"
"2611","Rueyres-Saint-Laurent","2223"
"2612","Rueyres-Treyfayes","2151"
"2613","Ufhusen","1145"
"2614","Rumendingen","421"
"2615","Rümikon","4317"
"2616","Rumisberg","987"
"2617","Rümlingen","2859"
"2618","Rünenberg","2860"
"2619","Rupperswil","4206"
"2620","Ruppoldsried","548"
"2621","Ruschein","3580"
"2622","Russin","6637"
"2623","Russo","5126"
"2624","Russy","2040"
"2625","Rüti (GL)","1626"
"2626","Rüti bei Lyssach","422"
"2627","Rüti bei Büren","393"
"2628","Seelisberg","1215"
"2629","Rütschelen","340"
"2630","Rüttenen","2555"
"2631","Sant'Antonino","5017"
"2632","Saas Fee","6290"
"2633","Saas Grund","6291"
"2634","Saas","3883"
"2635","Safenwil","4283"
"2636","Safnern","746"
"2637","Sagogn","3581"
"2638","Sagno","5264"
"2639","Saillon","6140"
"2640","Sâles (Gruyère)","2152"
"2641","Salgesch","6113"
"2642","Salins","6264"
"2643","Salorino","5265"
"2644","Salvenach","2277"
"2645","Samedan","3786"
"2646","Sarmenstorf","4076"
"2647","Sarzens","5686"
"2648","Sassel (bis 2011)","5824"
"2649","Saubraz","5437"
"2650","Satin-Aubin-Sauges","6414"
"2651","Saules (BE)","707"
"2652","Savognin","3539"
"2653","Saxeten","591"
"2654","Says (bis 2007)","3944"
"2655","Werthenstein","1009"
"2656","Schafisheim","4207"
"2657","Schalunen","549"
"2658","Scharans","3638"
"2659","Schenkon","1099"
"2660","Scherz","4113"
"2661","Scheunen","550"
"2662","Wengi","394"
"2663","Scheuren","747"
"2664","Schinznach Dorf","4115"
"2665","Schinznach Bad","4114"
"2666","Schlans (bis 2011)","3984"
"2667","Schlattingen (bis ???)","4533"
"2668","Schluein","3582"
"2669","Schlieren","247"
"2670","Schlosswil","624"
"2671","Schnaus","3583"
"2672","Schneisingen","4318"
"2673","Schnottwil","2461"
"2674","Schocherswil (bis ???)","4516"
"2675","Schöfflisdorf","99"
"2676","Schöftland","4144"
"2677","Urtenen","551"
"2679","Schönenberg (ZH)","140"
"2680","Schönenberg an der Thur (bis ???)","4499"
"2681","Schönenbuch","2774"
"2682","Schönengrund","3003"
"2683","Schönenwerd","2583"
"2684","Schupfart","4259"
"2685","Schwaderloch","4176"
"2686","Schwadernau","748"
"2687","Schwanden (GL)","1627"
"2688","Schwanden bei Brienz","592"
"2689","Schwändi","1628"
"2690","Schwarzenbach (bis 2003)","1101"
"2691","Schwarzhäusern","341"
"2692","Schwellbrunn","3004"
"2693","Schwendibach","937"
"2694","Schwerzenbach","197"
"2695","Sonogno","5129"
"2696","Sédeilles (bis 2006)","5825"
"2697","Seewen","2480"
"2698","Sevgein","3584"
"2699","Seftigen","883"
"2700","Seigneux (bis 2011)","5826"
"2701","Seiry (bis 2005)","2042"
"2702","Seleute","6805"
"2703","Selkingen","6069"
"2704","Selma","3811"
"2705","Seltisberg","2833"
"2706","Sementina","5019"
"2707","Semione","5046"
"2708","Senarclens","5499"
"2709","Senèdes","2225"
"2710","Zollikon","161"
"2711","Sergey","5762"
"2712","Servion","5799"
"2713","Siat","3615"
"2714","Sévaz","2043"
"2715","Sévery","5500"
"2716","Siblingen","2953"
"2717","Würenlingen","4047"
"2718","Sigirino","5223"
"2719","Siglistorf","4319"
"2720","Sils im Domleschg","3640"
"2721","Siselen","499"
"2722","Sisikon","1217"
"2723","Sissach","2861"
"2724","Sisseln","4177"
"2725","Soazza","3823"
"2726","Soglio (bis 2009)","3774"
"2727","Solothurn","2601"
"2728","Sonceboz-Sombeval","444"
"2729","Sommentier","2100"
"2730","Sool","1629"
"2731","Soral","6639"
"2732","Sornetan","710"
"2733","Sorvilier","711"
"2734","Sottens","5687"
"2735","Soubey","6759"
"2736","Soulce","6723"
"2737","Soyhières","6724"
"2738","Spiringen","1218"
"2739","Splügen","3694"
"2740","Willisdorf (bis ???)","4542"
"2741","St. Margrethen","3236"
"2742","St. Peter (bis 2007)","3930"
"2743","St. Peterzell (bis 2008)","3376"
"2744","St. Silvester","2303"
"2745","Santa Maria Val Müstair (bis 2008)","3844"
"2746","Santa Maria in Calanca","3810"
"2747","Salorino","5266"
"2748","Staffelbach","4284"
"2749","Wyssachen","960"
"2750","Visperterminen","6298"
"2751","Stans","1509"
"2752","Wallenwil (bis ???)","4765"
"2753","Saint-Aubin-Sauges","6414"
"2754","Staufen","4210"
"2755","Saint-Barthélemy (VD)","5535"
"2756","Saint-Blaise","6459"
"2757","Saint-Brais","6758"
"2758","Steg","6200"
"2759","Stein (SG)","3356"
"2760","Stein (AG)","4260"
"2761","Stein am Rhein","2964"
"2762","Steinen","1373"
"2763","Wila","181"
"2764","Steinerberg","1374"
"2765","Steinhaus","6070"
"2766","Steinhausen","1708"
"2767","Steinhof","2531"
"2768","Wolhusen","1107"
"2769","Sternenberg","179"
"2770","Stetten (AG)","4041"
"2771","Stetten (SH)","2919"
"2772","Stettfurt","4606"
"2773","Saint-George","5434"
"2774","Stierva","3504"
"2775","Stilli","4116"
"2776","Saint-Léonard","6246"
"2777","Saint-Livres","5435"
"2778","Saint-Oyens","5436"
"2779","Saint-Prex","5646"
"2780","Strengelbach","4285"
"2781","Strohwilen (bis ???)","4884"
"2782","Saint-Saphorin-sur-Morges (bis 20119","5647"
"2783","Saint-Sulpice (VD)","5648"
"2784","Saint-Sulpice (NE)","6509"
"2785","Studen","749"
"2786","Saint-Ursanne","6804"
"2787","Stüsslingen","2499"
"2788","Subingen","2532"
"2789","Suchy","5929"
"2790","Wachseldorn","946"
"2791","Sufers","3695"
"2792","Sugnens (bis 2011)","5536"
"2793","Suhr","4012"
"2794","Sullens","5501"
"2795","Sulz (LU) (bis 2008)","1042"
"2796","Sur","3540"
"2797","Surava","3515"
"2798","Surcuolm (bis 2008)","3600"
"2799","Surpierre","2044"
"2800","Sursee","1103"
"2801","Susch","3744"
"2802","Sils im Engadin/Segl","3788"
"2803","Suscévaz","5930"
"2804","Tägerschen (bis ???)","4772"
"2805","Tägerwilen","4696"
"2806","Tannay","5729"
"2807","Tartar (bis 2009)","3667"
"2808","Tartegnin","5862"
"2809","Täsch","6295"
"2810","Torricella-Taverne","5227"
"2811","Tecknau","2862"
"2812","Tegerfelden","4320"
"2813","Tenniken","2863"
"2814","Tentlingen","2307"
"2815","Tersnaus (bis 2001)","3601"
"2816","Teufenthal (AG)","4145"
"2817","Teuffenthal (BE)","940"
"2818","Thalheim (AG)","4117"
"2819","Therwil","2775"
"2820","Thierrens","5689"
"2821","Thörigen","989"
"2822","Thürnen","2864"
"2823","Thusis","3668"
"2824","Titterten","2894"
"2825","Tobel (bis ???)","4773"
"2826","Toffen","884"
"2827","Tolochenaz","5649"
"2828","Tumegl/Tomils (bis 2008)","3642"
"2829","Törbel","6296"
"2830","Torny-le-Grand","2101"
"2831","Trans (bis 2008)","3641"
"2832","Trasadingen","2973"
"2833","Treiten","500"
"2834","Trélex","5730"
"2835","Tremona","5267"
"2836","Treycovagnes","5931"
"2837","Treytorrens (Payerne)","5828"
"2838","Triengen","1104"
"2839","Trimbach","2500"
"2840","Trimmis","3945"
"2841","Trimstein","631"
"2842","Trogen","3025"
"2843","Troinex","6641"
"2844","Truttikon","41"
"2845","Tscheppach","2462"
"2846","Tschiertschen (bis 2008)","3915"
"2847","Tübach","3218"
"2848","Tuggen","1347"
"2849","Turgi","4042"
"2850","Udligenswil","1067"
"2851","Uebeschi","943"
"2852","Ueken","4179"
"2853","Uerschhausen (bis ???)","4823"
"2854","Uetikon am See","159"
"2855","Uezwil","4078"
"2856","Uffikon","1144"
"2857","Ulrichen (bis 2008)","6071"
"2858","Umiken","4118"
"2859","Undervelier","6725"
"2860","Wilderswil","594"
"2861","Unterehrendingen","4043"
"2862","Unterendingen","4321"
"2863","Unterentfelden","4013"
"2864","Unterkulm","4146"
"2865","Unterlunkhofen","4079"
"2866","Unterramsern","2463"
"2867","Unterseen","593"
"2868","Unterstammheim","42"
"2869","Untersteckholz","343"
"2870","Untervaz","3946"
"2871","Ursins","5932"
"2872","Ursy","2102"
"2873","Uttigen","885"
"2874","Uttwil","4451"
"2875","Uznach","3339"
"2876","Valangin","6485"
"2877","Valchava (bis 2008)","3846"
"2878","Valeyres-sous-Montagny","5933"
"2879","Valeyres-sous-Rances","5763"
"2880","Valeyres-sous-Ursins","5934"
"2881","Vallamand","5462"
"2882","Valzeina (bis 2010)","3973"
"2883","Varen","6116"
"2884","Vauderens","2103"
"2885","Vaugondry (bis 2011)","5569"
"2886","Vaulion","5765"
"2887","Vaumarcus","6415"
"2888","Vaux-sur-Morges","5650"
"2889","Vella (bis 2012)","3605"
"2890","Vellerat","6728"
"2891","Vendlincourt","6806"
"2892","Vergeletto","5132"
"2893","Vernamiège","6088"
"2894","Vernate","5230"
"2895","Verscio","5133"
"2896","Yvorne","5415"
"2897","Vesin (bis 2004)","2046"
"2898","Vevey","5890"
"2899","Veyras","6250"
"2900","Veysonnaz","6267"
"2901","Vezia","5231"
"2902","Vezio","5232"
"2903","Vich","5732"
"2904","Vignogn (bis 2012)","3604"
"2905","Villa Luganese","5235"
"2906","Villaraboud","2105"
"2907","Villarbeney","2156"
"2908","Villargiroud (bis 2000)","2107"
"2909","Villariaz","2108"
"2910","Villarlod","2227"
"2911","Villars-Bramard (bis 2011)","5829"
"2912","Villars-Burquin (bis 2011)","5570"
"2913","Villarsel-le-Gibloux","2229"
"2914","Villarsel-sur-Marly","2230"
"2915","Villars-Epeney","5935"
"2916","Villarsiviriaux (bis 2000)","2110"
"2917","Villars-le-Comte","5690"
"2918","Villars-le-Grand","5463"
"2919","Villars-le-Terroir","5537"
"2920","Villars-Lussery (bis 1999)","5502"
"2921","Villars-Mendraz","5691"
"2922","Villars-Sainte-Croix","5651"
"2923","Villars-sous-Champvent (bis 2011)","5936"
"2924","Villars-sous-Mont","2158"
"2925","Villars-sous-Yens","5652"
"2926","Villars-Tiercelin (bis 2011)","5538"
"2927","Villarvolard","2159"
"2928","Villarzel","5830"
"2929","Villeneuve (FR)","2047"
"2930","Villeneuve (VD)","5414"
"2931","Villeret","448"
"2932","Villigen","4121"
"2933","Villmergen","4080"
"2934","Villnachern","4122"
"2935","Vinelz","502"
"2936","Vinzel","5863"
"2937","Vissoie","6251"
"2938","Vitznau","1068"
"2939","Volken","43"
"2940","Vorderthal","1348"
"2941","Vuarrens","5539"
"2942","Vufflens-la-Ville","5503"
"2943","Vufflens-le-Château","5653"
"2944","Vuibroye (bis 2011)","5802"
"2945","Vuippens","2161"
"2946","Vuissens","2049"
"2947","Vuisternens-en-Ogoz","2231"
"2948","Vuisternens-devant-Romont","2113"
"2949","Waltensburg/Vuorz","3616"
"2950","Wagenhausen","4871"
"2951","Wahlen","2792"
"2952","Walchwil","1710"
"2953","Waldenburg","2895"
"2954","Wäldi (bis ???)","4704"
"2955","Waldstatt","3007"
"2956","Wallbach","4261"
"2957","Wallenbuch (bis 2002)","2282"
"2958","Walliswil bei Niederbipp","990"
"2959","Walliswil bei Wangen","991"
"2960","Zumikon","160"
"2961","Wangen an der Aare","992"
"2962","Wangenried","993"
"2963","Wanzwil","994"
"2964","Wasterkingen","70"
"2965","Wauwil","1146"
"2966","Weesen","3316"
"2967","Wegenstetten","4262"
"2968","Weiach","102"
"2969","Weingarten (bis ???)","4739"
"2970","Wenslingen","2865"
"2971","Wettingen","4045"
"2972","Wettswil am Albis","14"
"2973","Wetzikon (TG) (bis ???)","4740"
"2974","Widnau","3238"
"2975","Wiesen (GR) (bis 2008)","3523"
"2976","Wiezikon (bis ???)","4766"
"2977","Wiggiswil","553"
"2978","Wil (SG)","3425"
"2979","Wilen bei Neunforn (bis ???)","4598"
"2980","Wilen bei Wil (bis ???)","4752"
"2981","Wiler (Lötschen)","6202"
"2982","Wiler bei Utzenstorf","554"
"2983","Wileroltigen","671"
"2984","Wiliberg","4288"
"2985","Willadingen","423"
"2986","Willisau Stadt","1149"
"2987","Winikon (bis 2008)","1106"
"2988","Oberrüti","4238"
"2989","Wintersingen","2866"
"2990","Winznau","2501"
"2991","Wisen (SO)","2502"
"2992","Witterswil","2481"
"2993","Wittinsburg","2867"
"2994","Wittnau","4181"
"2995","Wolfisberg","996"
"2996","Wölflinswil","4182"
"2997","Wolfwil","2408"
"2998","Worben","755"
"2999","Yens","5655"
"3000","Yverdon-les-Bains","5938"
"3001","Zauggenried","555"
"3002","Zeglingen","2868"
"3003","Zeiningen","4263"
"3004","Zénauva","2232"
"3005","Zeneggen","6299"
"3006","Zetzwil","4147"
"3007","Ziefen","2834"
"3008","Zielebach","556"
"3009","Zihlschlacht (bis ???)","4518"
"3010","Zizers","3947"
"3011","Zofingen","4289"
"3012","Zuben (bis 1998)","4679"
"3013","Zumholz","2310"
"3014","Zunzgen","2869"
"3015","Zuoz","3791"
"3016","Zurzach","4323"
"3017","Zuzgen","4264"
"3018","Zuzwil (BE)","557"
"3019","Zwieselberg","947"
"3020","Zwingen","2793"
"3021","Schlatt (TG)","4546"
"3022","Balzers","7003"
"3023","Schellenberg","7011"
"3024","Triesenberg","7004"
"3025","Schaan","7005"
"3026","Eschen","7007"
"3027","Vaduz","7001"
"3028","Ruggell","7010"
"3029","Gamprin","7009"
"3030","Ferrera","3713"
"3031","St. Peter","3931"
"3032","Rapperswil-Jona","3340"
"3033","Nesslau-Krummenau","3358"
"3034","Zihlschlacht-Sitterdorf","4511"
"3035","Kradolf-Schönenberg","4501"
"3036","Basadingen-Schlattingen","4536"
"3037","Neunforn","4601"
"3038","Warth-Weiningen","4621"
"3039","Lengwil","4683"
"3040","Kemmental","4666"
"3041","Tobel-Tägerschen","4776"
"3042","Wilen (TG)","4786"
"3043","Acquarossa","5048"
"3044","Alto Malcantone","5237"
"3045","Isorno","5137"
"3046","Cugnasco-Gerra","5138"
"3047","Avegno-Gordevio","5324"
"3048","Lavizzara","5323"
"3049","Blenio","5049"
"3050","Onsernone","5136"
"3051","Wald (BE)","888"
"3052","Wichtrach","632"
"3053","Forst-Längenbühl","948"
"3054","Les Montets","2050"
"3055","Delley-Portalban","2051"
"3056","Vernay","2052"
"3057","La Verrerie","2338"
"3058","Bas-Intyamon","2162"
"3059","La Folliaz","2116"
"3060","Villorsonnens","2114"
"3061","Le Flon","2337"
"3062","Hauterive (FR)","2233"
"3063","La Brillaz","2234"
"3064","Torny","2115"
"3065","La Sonnaz","2235"
"3066","Erlinsbach SO","2503"
"3067","Willisau","1151"
"3068","Ehrendingen","4049"
"3069","Büsingen (D)","2981"
"3070","Grafschaft","6073"
"3071","Münster-Geschinen","6074"
"3072","Reckingen-Gluringen","6075"
"3073","Riederalp","6181"
"3074","Guttet-Feschel","6117"
"3075","Gampel-Bratsch","6118"
"3076","Val-de-Travers","6512"
"3077","La Baroche","6810"
"3078","Triesen","7002"
"3079","Planken","7006"
"3080","Mauren","7008"
"3081","Wildhaus-Alt St. Johann","3359"
"3082","Neckertal","3378"
"3083","Bregaglia","3792"
"3084","Tschiertschen-Praden","3932"
"3085","Mundaun","3137"
"3086","Tomils","3671"
"3087","Val Müstair","3847"
"3088","Capriasca","5226"
"3089","Glarus Süd","1631"
"3090","Glarus Nord","1630"
"3091","Schwarzenburg","855"
"3092","Bourg-en-Lavaux","5613"
"3093","Jorat-Menthue","5804"
"3094","Montilliez","5540"
"3095","Escholzmatt-Marbach","1010"
"3096","Nesslau","3360"
"3097","Twann-Tüscherz","756"
"3098","Bettwiesen","4716"
"3099","Braunau","4723"
"3100","Eschlikon","4724"
"3101","Valsot","3764"
"3102","Landquart","3955"
"3103","Lumnezia","3618"
"3104","Safiental","3672"
"3105","Vully-les-Lacs","5464"
"3106","Valbroye","5831"
"3107","Oron","5805"
"3108","Goumoëns","5541"
"3109","Montanaire","5693"
"3110","Basse-Allaine","6807"
"3111","Turtmann-Unterems","6119"
"3112","Obergoms","6076"
"3113","Bözberg","4124"
"3114","Stocken-Höfen","770"
