"ID","NameDE","TierseucheID","Typ","NameEN","NameFR","NameIT"
"1","S. Enteritidis","64","Serovar","S. Enteritidis","S. Enteritidis","S. Enteritidis"
"2","S. Hadar","64","Serovar","S. Hadar","S. Hadar","S. Hadar"
"3","S. Infantis","64","Serovar","S. Infantis","S. Infantis","S. Infantis"
"4","S. Typhimurium","64","Serovar","S. Typhimurium","S. Typhimurium","S. Typhimurium"
"5","S. Virchow","64","Serovar","S. Virchow","S. Virchow","S. Virchow"
"8","Andere","64","Serovar","other","Autres","Altri"
"34","S. Enteritidis","65","Serovar","S. Enteritidis","S. Enteritidis","S. Enteritidis"
"35","S. Typhimurium","65","Serovar","S. Typhimurium","S. Typhimurium","S. Typhimurium"
"36","B. suis Biovar 2","12","Serovar","B. suis Biovar 2","B. suis Biovar 2","B. suis Biovar 2"
"37","Andere","65","Serovar","others","Autres","Altri"
"38","S. Typhimurium monophasischer Stamm","64","Serovar","S. Typhimurium monophasic strain","S. Typhimurium souche monophasique","S. Typhimurium ceppo monofasica"
"42","B. suis Biovar 1","12","Serovar","B. suis Biovar 1","B. suis Biovar 1","B. suis Biovar 1"
"9","8","6","Serotyp","8","8","8"
"43","RHDV-1a (pathogen)","81","Serotyp","RHDV-1a (pathogen)","RHDV-1a (pathogen)","RHDV-1a (pathogen)"
"44","RHDV-2 (pathogen)","81","Serotyp","RHDV-2 (pathogen)","RHDV-2 (pathogen)","RHDV-2 (pathogen)"
"45","apathogener Calicivirus","81","Serotyp","apathogener Calicivirus","apathogener Calicivirus","apathogener Calicivirus"
"46","4","6","Serotyp","4","4","4"
"6","niedrigpathogen (LPAI)","30","Subtyp","low pathogen (LPAI)","faiblement pathogène (LPAI)","bassa patogenicità (LPAI)"
"7","hochpathogen (HPAI) H5N1","30","Subtyp","highly pathogen (HPAI) H5N1","hautement pathogène (HPAI) H5N1","alta patogenicità (HPAI) H5N1"
"10","M. tuberculosis","76","Subtyp","M. tuberculosis","M. tuberculosis","M. tuberculosis"
"11","M. bovis","76","Subtyp","M. bovis","M. bovis","M. bovis"
"12","Andere","76","Subtyp","other","Autres","Altri"
"13","T. spiralis","74","Subtyp","T. spiralis","T. spiralis","T. spiralis"
"14","T. britovi","74","Subtyp","T. britovi","T. britovi","T. britovi"
"15","T. pseudospiralis","74","Subtyp","T. pseudospiralis","T. pseudospiralis","T. pseudospiralis"
"16","Andere","74","Subtyp","other","Autres","Altri"
"17","M. caprae","76","Subtyp","M. caprae","M. caprae","M. caprae"
"18","atypisch","72","Subtyp","atypical","atypique","atipico"
"19","atypisch","8","Subtyp","atypical","atypique","atypico"
"20","klassisch","8","Subtyp","classical","classique","classico"
"21","klassisch","72","Subtyp","classical","classique","classico"
"22","C. jejuni","15","Subtyp","C. jejuni","C. jejuni","C. jejuni"
"23","C. coli","15","Subtyp","C. coli","C. coli","C. coli"
"24","C. upsaliensis","15","Subtyp","C. upsaliensis","C. upsaliensis","C. upsaliensis"
"25","C. lari","15","Subtyp","C. lari","C. lari","C. lari"
"26","C. fetus subsp. fetus","15","Subtyp","C. fetus subsp. fetus","C. fetus subsp. fetus","C. fetus subsp. fetus"
"27","C. helveticus","15","Subtyp","C. helveticus","C. helveticus","C. helveticus"
"28","C. concisus","15","Subtyp","C. concisus","C. concisus","C. concisus"
"29","C. hyointestinalis","15","Subtyp","C. hyointestinalis","C. hyointestinalis","C. hyointestinalis"
"30","Andere","15","Subtyp","others","Autres","Altri"
"31","E. granulosus","22","Subtyp","E. granulosus","E. granulosus","E. granulosus"
"32","E. multilocularis","22","Subtyp","E. multilocularis","E. multilocularis","E. multilocularis"
"33","Andere","22","Subtyp","other","Autres","Altri"
"39","Pigeon Avulavirus-1","52","Subtyp","Pigeon Avulavirus-1","Pigeon Avulavirus-1","Pigeon Avulavirus-1"
"40","hochpathogen (HPAI) H5N6","30","Subtyp","highly pathogen (HPAI) H5N6","hautement pathogène (HPAI) H5N6","alta patogenicità (HPAI) H5N6"
"41","hochpathogen (HPAI) H5N8","30","Subtyp","highly pathogen (HPAI) H5N8","hautement pathogène (HPAI) H5N8","alta patogenicità (HPAI) H5N8"
