"ID","NameDE","NameFR","NameIT","NameEN"
"1","Rind","bovin","bovino","cow"
"2","Bienen","abeilles","api","bee"
"3","Ziege","chèvre","capra","goat"
"4","Schaf","mouton","pecora","sheep"
"5","Kaninchen","lapin","coniglio","rabbit"
"6","Schwein","porc","maiale","pig"
"7","Fuchs","renard","volpe","fox"
"8","Huhn","poule","pollo","chicken"
"9","Fisch","poisson","pesce","fish"
"10","Hund","chien","cane","dog"
"11","Katze","chat","gatto","cat"
"12","Papagei","perroquet","pappagallo","parrot"
"13","Schlange","serpent","serpente","snake"
"14","Taube","pigeon","piccione","dove"
"15","Sittich","perruche","pappagallino","parakeet"
"16","Pferd","cheval","cavallo","horse"
"17","Dachs","blaireau","tasso","badger"
"18","anderer Hausvogel","autre oiseau domestique","altro uccello domestico","other domestic bird"
"19","Affe","singe","scimmia","ape"
"20","Echse","lézard","lucertola","saurian"
"21","Esel","âne","asino","donkey"
"22","Luchs","lynx","lince","lynx"
"23","Schildkröte","tortue","tartaruga","turtle"
"24","anderer Wildvogel","autre oiseau sauvage","altro uccello selvatico","other wild bird"
"25","Reh","chevreuil","capriolo","roe deer"
"26","Marder","martre","martora","marten"
"27","Hase","lièvre","lepre","hare"
"28","Meerschweinchen","cochon d'Inde","porcellino d'india","guinea pig"
"29","Hirsch","cerf","cervo","deer"
"30","anderes Haustier","autre animal domestique","altro animale domestico","other domestic animal"
"31","Igel","hérisson","istrice","hedgehog"
"32","Krebs","crabe","granchio","crab"
"33","Känguru","kangorou","canguro","cangaroo"
"34","anderes Zootier","autre animal de zoo","altro animale di zoo","other zoo animal"
"35","Pfau","paon","pavone","peacock"
"36","Lama","lama","lama","llama"
"37","Hausente","Canard domestique","Anatra domestica","domestic duck"
"38","Fledermaus","chauve-souris","pipistrello","bat"
"39","Alpaka","alpaga","alpaga","alpaca"
"40","Wildkaninchen","lapin de garenne","coniglio selvatico","wild coney"
"41","Wachtel","caille","quaglia","quail"
"42","Hausgans","Oie maison","Oca casa","goose"
"43","Maus","souris","topo","mouse"
"44","Singvogel","oiseau chanteur","uccello canoro","singing bird"
"45","Greifvogel","rapace","uccelli rapaci","bird of prey"
"46","anderes Wildtier","autre animal sauvage","altro animale selvatico","other wild animal"
"47","Waschbär","raton","orsetto lavatore","raccoon"
"48","Wolf","loup","lupo","wolf"
"49","Wildschwein","sanglier","cinghiale","wild boar"
"50","Gämse","chamois","camoscio","chamois"
"51","Eichhörnchen","Ecureuil","Scoiattolo","Squirrel"
