"ID","NameDE","NameEN","NameFR","NameIT"
"1","Mastpoulet","broilers","Poulet de chair","Pollo de carne"
"2","Legehenne","layer hens","Poule pondeuse","Gallina ovaiola"
"3","Elterntiere Masttyp","broiler breeding flock","Géniteurs type chair","Genitori tipo carne"
"4","Elterntiere Legetyp","layer breeding flock","Géniteurs type ponte","Genitori tipo ovaiole"
"5","Wildvogel","wild bird","oiseaux sauvages","uccelli selvatici"
"6","Geflügel","poultry","volaille domestique","volatili da cortile"
"7","Truten","turkey","Dindes","Tacchini"
"8","Mastschwein","fattening pig","Porc d´engraissement","Suino d´ingrasso"
"9","Zuchtschwein","breeder pigs","Porc d´élevage","Suino d´allevamento"
"10","importiert","imported","importe","importissimo"
