"ID","NameDE","NameFR","NameIT","NameEN","NameOIE","Kürzel","CodeIntern","CodeOIE","SeuchengruppeID","BemerkungDE","BemerkungFR","BemerkungIT","BemerkungEN","InfoLinkDE","InfoLinkFR","InfoLinkIT","InfoLinkEN"
"1","Actinobacillose der Schweine","Actinobacillose du porc","Actinobacillosi dei suini","Swine actinobacillosis","","APP","319","S020","3","","","","","http://www.bvet.admin.ch/tiergesundheit/d/berichte_publikat/berichte_mensch_tier/2000/0003_18-20_d.pdf","http://www.bvet.admin.ch/tiergesundheit/f/berichte_publikat/berichte_mensch_tier/2000/0003_18-20_f.pdf","",""
"2","Afrikanische Schweinepest","Peste porcine africaine","Peste suina africana","African swine fever","African swine fever","ASP","1120","A120","1","","","","","","","",""
"3","Ansteckende Pferdemetritis","métrite contagieuse équine","metrite contagiosa equina","contagious equine metritis","contagious equine metritis","CEM","317","B201","3","","","","","","","",""
"4","Aujeszkysche Krankheit","Maladie d'Aujeszky","Malattia di Aujeszky","Aujeszky's disease","Aujeszky's disease","","211","B052","2","","","","","","","",""
"5","Beschälseuche","dourine","morbo coitale maligno","dourine","dourine","","224","B202","2","Wurde 1995 in die TSV aufgenommen. Daten auf nationaler Ebene erst ab diesem Zeitpunkt vorhanden.","Introduit dans l\'OFE en 1995. Des données au niveau national n\'existent qu\'à partir de ce moment","È stata inserita nell’OFE nel 1995. Dati su scala nazionale sono disponibili solo da questa data.","Was added to the ordinance for epizootic diseases in 1995. Data on a national scale are only available starting from that year.","","","",""
"6","Blauzungenkrankheit (Bluetongue)","Fièvre catarrhale du mouton (maladie de la langue bleue)","Febbre catarrale ovina (malattia della lingua blu)","Bluetongue","Bluetongue","BT","329","A090","3","Umstufung von - hochansteckend - in 2008","En 2008 de - Epizooties hautement contagieuses - à - Epizooties à combattre","Nel 2008 da - Epizoozie altamente contagiose - a - Epizoozie da eradicare -","Reclassification from - highly-contagious - in 2008","","","",""
"7","Bösartiges Katarrhalfieber (2009 aus TSV gestrichen)","coryza gangreneux (supprimé en 2009 de l’ordonnance sur les épizooties)","Febbre catarrale maligna (cancellato dall’Ordinanza sulle epizoozie nel 2009)","malignant catarrhal fever (canceled 2009)","Malignant catarrhal fever (canceled 2009)","BKF","416","B114","4","2009 aus TSV gestrichen","supprimé en 2009 de l’ordonnance sur les épizooties","cancellato dall’Ordinanza sulle epizoozie nel 2009","canceled 2009","","","",""
"8","Bovine spongiforme Enzephalopathie (BSE)","Encéphalopathie spongiforme bovine (ESB)","Encefalopatia spongiforme bovina (ESB)","Bovine spongiform encephalopathy (BSE)","Bovine spongiform encephalopathy","BSE","217","B115","2","Daten beinhalten sowohl klinische Fälle als auch Fälle aus speziellen Untersuchungsprogrammen.","Les données contiennent non seulement des cas cliniques mais aussi des cas de programmes de dépistage spéciaux.","I dati comprendono sia casi clinici sia casi emersi da speciali programmi di sorveglianza.","Data include clinical cases as well as cases detected in the official investigation program and during voluntary examination at normal slaughter","http://www.bvet.admin.ch/gesundheit_tiere/01065/01083/01091/index.html?lang=de","http://www.bvet.admin.ch/gesundheit_tiere/01065/01083/01091/index.html?lang=fr","http://www.bvet.admin.ch/gesundheit_tiere/01065/01083/01091/index.html?lang=it","http://www.bvet.admin.ch/gesundheit_tiere/01065/01083/01091/index.html?lang=de"
"9","Bovine Virus Diarrhoe / Mucosal Disease (BVD / MD)","Diarrhée virale bovine / Mucosal Disease (BVD / MD)","Diarrea virale bovina / Mucosal Disease (BVD / MD)","Bovine viral diarrhoea / Mucosal disease (BVD / MD)","Mucosal disease/Bovine virus diarrhoea","","232","C652","2","Aufnahme in TSV: 2001. Daten erst ab diesem Zeitpunkt vorhanden. 2008 von - zu überwachend - nach - zu bekämpfend -","Introduction dans l\\\\\\\\\\\\\\\'OFE: 2001. Les données ne pourront être obtenues qu\\\\\\\\\\\\\\\'à partir de ce moment. En 2008 de - à surveiller - à - à combattre -","Inserimento nell’OFE: 2001. Dati disponibili solo a partire da questa data. Nel 2008 da - da sorvegliare - a - da combattere -","Was added to the ordinance for epizootic diseases in 2001. Data on a national scale are only available starting from that year. In 2008 reclassified from - under surveillance - to - to be erradicated","","","",""
"10","Brucellose der Rinder","Brucellose bovine","Brucellosi dei bovini","Bovine brucellosis","Bovine brucellosis","","213","B103","2","1996","1996","1996","1996","http://www.bvet.admin.ch/tiergesundheit/d/ausbild_beratung/tierseuchen/2_ausbrueche.html","http://www.bvet.admin.ch/tiergesundheit/f/ausbild_beratung/tierseuchen/2_ausbrueche.html","",""
"11","Brucellose der Schafe und Ziegen","Brucellose ovine et caprine","Brucellosi delle peccore e delle capre","Caprine and ovine brucellosis","Caprine and ovine brucellosis (excluding B. ovis)","","221","B152","2","1998","1998","1998","1998","","","",""
"12","Brucellose der Schweine","brucellose porcine","brucellosi dei suini","porcine brucellosis","Brucellosis (Brucella suis)","","228","B253","2","Wurde 1995 in die TSV aufgenommen. Daten auf nationaler Ebene erst ab diesem Zeitpunkt vorhanden.","Introduit dans l\\\'OFE en 1995. Des données au niveau national n\\\'existent qu\\\'à partir de ce moment.","È stata inserita nell’OFE nel 1995. Dati su scala nazionale sono disponibili solo da questa data.","Was added to the ordinance for epizootic diseases in 1995. Data on a national scale are only available starting from that year.","","","",""
"13","Brucellose der Widder","brucellose du bélier","epididimite contagiosa degli arieti","ovine epididymitis","Ovine epididymitis (Brucella ovis)","","315","B151","3","","","","","","","",""
"14","Campylobacter fetus subsp. venerealis","infections par Campylobacter fetus subsp. venerealis","infezioni da Campylobacter fetus subsp. venerealis","bovine genital campylobacteriosis","Bovine genital campylobacteriosis","","219","B104","2","","","","","","","",""
"15","Campylobacteriose","Campylobactériose","Campilobatteriosi","Campylobacteriosis","Campylobactériose","","411","E010","4","","","","","","","",""
"16","Caprine Arthritis-Encephalitis","Arthrite encéphalite caprine","Artrite encefalite virale caprina","Caprine arthritis/encephalitis","Caprine arthritis/encephalitis","CAE","223","B153","3","Daten auf nationaler Ebene werden erst seit 1998 vollständig erhoben. Bekämpfungsprogramm in Gang.","Les données au niveau national ne sont relevées que depuis 1998. Un programme de lutte est encore en cours..","Il rilevamento completo dei dati su scala nazionale avviene solo dal 1998. Programma di lotta in corso.","Data on a national scale are only available since 1998. An eradication campagin is in place.","","","",""
"17","Chlamydienabort der Schafe und Ziegen","Avortement enzootique des brebis et des chèvres","Aborto enzootico degli ovicaprini (clamidie)","Enzootic abortion of ewes","Enzootic abortion of ewes (ovine chlamydiosis)","","420","B156","4","","","","","","","",""
"18","Chlamydiose der Vögel","chlamydiose des oiseaux","clamidiosi degli uccelli","Avian chlamydiosis","Avian chlamydiosis","","320","B312","3","","","","","","","",""
"19","Coxiellose","Coxiellose","Coxiellosi","Q fever","Q fever","","311","B057","4","2009 von - zu bekämpfend - nach - zu überwachend -","En 2009 de - à combattre - à - à surveiller -","Nel 2009 da - da combattere- a - da sorvegliare -","In 2009 from - to be controlled - to - under surveillance -","","","",""
"20","Dasselkrankheit","Hypodermose","Ipodermosi","Warble infestation","Warble infestation","","314","C654","3","","","","","","","",""
"21","Dermatitis nodularis (Lumpy skin disease)","Dermatose nodulaire","Dermatosi nodulare","Lumpy skin disease","Lumpy skin disease","","1070","A070","1","","","","","","","",""
"22","Echinococcose","Echinococcose","Echinococcosi","Echinococcosis","Echinococcosis/hydatidosis","","412","B053","4","","","","","","","",""
"24","Enzootische Leukose der Rinder","Leucose bovine enzootique","Leucosi enzootica bovina","Enzootic bovine leukosis","Enzootic bovine leukosis","EBL","215","B108","2","","","","","","","",""
"25","Enzootische Pneumonie der Schweine","Pneumonie enzootique","Polmonite enzootica dei suini","Enzootic pneumonia of swine","Enzootic pneumonia of swine","EP","318","S010","3","","","","","http://www.bvet.admin.ch/tiergesundheit/d/berichte_publikat/berichte_mensch_tier/2000/0003_18-20_d.pdf","http://www.bvet.admin.ch/tiergesundheit/f/berichte_publikat/berichte_mensch_tier/2000/0003_18-20_f.pdf","",""
"26","Equine Arteritis","Artérite infectieuse des équidés","Arterite equina","Equine viral arteritis","Equine viral arteritis","","422","B211","4","","","","","","","",""
"27","Equine Infektiöse Anämie","anémie infectieuse","anemia infettiva degli equini","equine infectious anaemia","Equine infectious anaemia","","226","B205","2","Wurde 1995 in die TSV aufgenommen. Daten auf nationaler Ebene erst ab diesem Zeitpunkt vorhanden.","Introduit dans l\'OFE en 1995. Des données au niveau national n\'existent qu\'à partir de ce moment.","È stata inserita nell’OFE nel 1995. Dati su scala nazionale sono disponibili solo da questa data.","Was added to the ordinance for epizootic diseases in 1995. Data on a national scale are only available starting from that year.","","","",""
"28","Faulbrut der Bienen","Loque américaine des abeilles","Peste americana delle api","American foulbrood","American foulbrood of honey bees","","324","B452","3","","","","","","","",""
"29","Frühlingsvirämie der Karpfen","virémie pritanière de la carpe","viremia primaverile della carpa","spring viraemia of carp","Spring viraemia of carp","","431","B404","4","Wurde 1995 in die TSV aufgenommen. Daten auf nationaler Ebene erst ab diesem Zeitpunkt vorhanden.","Introduit dans l\'OFE en 1995. Des données au niveau national n\'existent qu\'à partir de ce moment.","È stata inserita nell’OFE nel 1995. Dati su scala nazionale sono disponibili solo da questa data.","Was added to the ordinance for epizootic diseases in 1995. Data on a national scale are only available starting from that year.","","","",""
"30","Geflügelpest (Aviäre Influenza)","Peste aviaire (influenza aviaire)","Peste aviaria (influenza aviaria)","Highly pathogenic avian influenza","Highly pathogenic avian influenza","","1150","A150","1","Ein Ausbruch 2006 am Bodensee betraf Wildvögel und ist in diesen Daten nicht berücksichtigt.","Un foyer s\'est déclaré en 2006 sur le lac de Constance. Il touchait des oiseaux sauvages. Il n\'a pas été pris en compte dans ces données.","Un focolaio si è dichiarato nel 2006 sul lago di Costanza negli uccelli selvatici. Non è stato integrato i questi dati.","An outbreak in 2006 at Lake Constance in wild birds is not included.","","","",""
"31","Epizootische hämorrhagische Krankheit","Maladie épizootique hémorragique","Malattia emorragica epizootica","Epizootic haemorrhagic disease","","","421","S080","3","Wurde 1995 in die TSV aufgenommen. Daten auf nationaler Ebene erst ab diesem Zeitpunkt vorhanden.","Introduit dans l\\\'OFE en 1995. Des données au niveau national n\\\'existent qu\\\'à partir de ce moment.","È stata inserita nell’OFE nel 1995. Dati su scala nazionale sono disponibili solo da questa data.","Was added to the ordinance for epizootic diseases in 1995. Data on a national scale are only available starting from that year.","","","",""
"32","Infektiöse Agalaktie","agalaxie infectieuse","agalassia contagiosa","contagious agalactia","Contagious agalactia","","222","B154","2","","","","","","","",""
"33","Infektiöse Anämie der Salmonidae","anémie infectieuse des salmonidés","anemia infettiva dei salmonidi","infectious salmon anaemia","Infectious salmon anaemia","","231","N403","2","Wurde 1995 in die TSV aufgenommen. Daten auf nationaler Ebene erst ab diesem Zeitpunkt vorhanden.","Introduit dans l\'OFE en 1995. Des données au niveau national n\'existent qu\'à partir de ce moment.","È stata inserita nell’OFE nel 1995. Dati su scala nazionale sono disponibili solo da questa data.","Was added to the ordinance for epizootic diseases in 1995. Data on a national scale are only available starting from that year.","","","",""
"34","Infektiöse bovine Rhinotracheitis","Rhinotrachéite infectieuse bovine","Rhinotracheite infettiva dei bovini","Infectious bovine rhinotracheitis","Inf.bov.rhinotracheit. (IBR/IPV)","IBR","216","B110","2","","","","","","","",""
"35","Infektiöse Hämatopoietische Nekrose","nécrose hématopoïétque infectieuse","necrosi ematopoietica infettiva","Infectious haematopoietic necrosis","Infectious haematopoietic necrosis","IHN","229","B405","2","","","","","","","",""
"36","Infektiöse Laryngotracheitis der Hühner","Laryngotrachéite infectieuse aviaire","Laringotracheite infettiva dei polli","Avian infectious Laryngotracheitis","Avian infectious laryngotracheitis","ILT","322","B302","3","","","","","","","",""
"37","Infektiöse Pankreasnekrose","Nécrose pancréatique infectieuse","Necrosi pancreatica infettiva","Infectious pancreatic necrosis","Infectious pancreatic necrosis","IPN","326","B402","3","","","","","","","",""
"38","Klassische Schweinepest","Peste porcine classique","Peste suina classica","Classical swine fever","Classical swine fever","ESP","1130","A130","1","Ein Ausbruch 1998/99 im TI betraf nur Wildschweine und ist in diesen Daten nicht enthalten.","Les cas 1998/99 aux TI ne concernaient que les sangliers et ne sont pas contenu dans ces données.","Un focolaio registrato in TI nel 1998/99 riguardava solo cinghiali e non è compreso in questi dati.","In an outbreak in 1998/99 in the the canton of Ticino only boars were affected. These data are not listed.","http://www.bvet.admin.ch/medien-info/d/pressemitteilungen/2001/pm_010621_d.html","http://www.bvet.admin.ch/medien-info/f/pressemitteilungen/2001/pm_010621_f.htm","http://www.bvet.admin.ch/tiergesundheit/f/ausbild_beratung/tierseuchen/milzbrand/index.html",""
"39","Kleiner Beutenkäfer (Aethina tumida)","petit scarabée de la ruche (Aethina tumida)","piccolo scarabeo degli alveari (Aethina tumida)","small hive beetle (Aethina tumida)","Small hive beetle infestation (Aethina tumida)","","437","N457","3","Wurde 2007 in die TSV aufgenommen. Daten auf nationaler Ebene erst ab diesem Zeitpunkt vorhanden.","Introduit dans l\'OFE en 2007. Les données au niveau national n\'existent qu\'à partir de ce moment.","È stata inserita nell’OFE nel 2007. Dati su scala nazionale sono disponibili solo da questa data.","Was added to the ordinance for epizootic diseases in 2007. Data on a national scale are only available from that year onwards.","","","",""
"40","Krebspest","peste des écrevisses","peste dei gamberi","Crayfish plague","Crayfish plague (Aphanomyces astaci)","","327","N445","3","","","","","","","",""
"41","Kryptosporidiose","Cryptosporidiose","Criptosporidiosi","Cryptosporidiosis","Coccidiosis","","434","C620","4","Aufnahme in TSV: 2001. Daten erst ab diesem Zeitpunkt vorhanden.","Introduction dans l\\\'OFE: 2001. Les données ne pourront être obtenues qu\\\'à partir de ce moment.","Inserimento nell’OFE: 2001. Dati disponibili solo a partire da questa data.","Was added to the ordinance for epizootic diseases in 2001. Data on a national scale are only available starting from that year.","","","",""
"42","Leptospirose","Leptospirose","Leptospirosi","Leptospirosis","Leptospirosis","","310","B056","3","","","","","","","",""
"43","Listeriose","Listériose","Listeriosi","Listeriosis","Listeriosis","","413","C611","4","","","","","","","",""
"44","Lungenadenomatose","Adénomatose pulmonaire","Adenomatosi polmonare","Ovine pulmonary adenomatosis","","","419","S140","4","","","","","","","",""
"45","Lungenseuche der Rinder","Péripneumonie contagieuse bovine","Pleuropolmonite essudativa contagiosa dei bovini","Contagious bovine pleuropneumonia","Contagious bovine pleuropneumonia","","1060","A060","1","","","","","","","",""
"46","Lungenseuche der Schafe und Ziegen","péripneumonie contagieuse des petits ruminants","pleuropolmonite contagiosa delle capre e delle pecore","contagious caprine pleuropneumonia","Contagious caprine pleuropneumonia","","436","B155","4","Wurde 1998 in die TSV aufgenommen. Daten auf nationaler Ebene erst ab diesem Zeitpunkt vorhanden.","Introduit dans l\'OFE en 1998. Les données au niveau national n\'existent qu\'à partir de ce moment.","È stata inserita nell’OFE nel 1998. Dati su scala nazionale sono disponibili solo da questa data.","Was added to the ordinance for epizootic diseases in 1998. Data on a national scale are only available starting from that year.","","","",""
"47","Maedi-Visna","Maedi-Visna","Maedi-Visna","Maedi-Visna","Maedi-visna","","417","B161","4","","","","","","","",""
"48","Maul- und Klauenseuche","Fièvre aphteuse","Afta epizootica","Foot and mouth disease","Foot and mouth disease","MKS","1010","A010","1","","","","","http://www.bvet.admin.ch/tiergesundheit/d/ausbild_beratung/tierseuchen/mks/index.html","http://www.bvet.admin.ch/tiergesundheit/f/ausbild_beratung/tierseuchen/mks/index.html","http://www.bvet.admin.ch/tiergesundheit/i/ausbild_beratung/tierseuchen/mks/index.html","http://www.bvet.admin.ch/tiergesundheit/e/ausbild_beratung/tierseuchen/mks/index.html"
"49","Milzbrand","Fièvre charbonneuse","carbonchio ematico","anthrax","Anthrax","","210","B051","2","","","","","http://www.bvet.admin.ch/tiergesundheit/d/ausbild_beratung/tierseuchen/milzbrand/index.html","http://www.bvet.admin.ch/tiergesundheit/f/ausbild_beratung/tierseuchen/milzbrand/index.html","http://www.bvet.admin.ch/tiergesundheit/f/ausbild_beratung/tierseuchen/milzbrand/index.html",""
"50","Myxomatose","Myxomatose","Mixomatosi","Myxomatosis","Myxomatosis","","323","B351","3","","","","","","","",""
"51","Neosporose","Néosporose","Neosporosi","Neosporosis","","","432","S110","4","Aufnahme in TSV: 2001. Daten erst ab diesem Zeitpunkt vorhanden.","Introduction dans l\\\'OFE: 2001. Les données ne pourront être obtenues qu\\\'à partir de ce moment.","Inserimento nell’OFE: 2001. Dati disponibili solo a partire da questa data.","Was added to the ordinance for epizootic diseases in 2001. Data on a national scale are only available starting from that year.","","","",""
"52","Newcastle Krankheit","Maladie de Newcastle","Malattia di Newcastle","Newcastle disease","Newcastle disease","NCD","1160","A160","1","","","","","","","",""
"53","Paratuberkulose","paratuberculose","paratubercolosi","Paratuberculosis","Paratuberculosis","","410","B059","3","","","","","","","",""
"54","Pest der kleinen Wiederkäuer","Peste des petits ruminants","Peste dei piccoli ruminanti","Peste des petites ruminants","Peste des petits ruminants","","1050","A050","1","","","","","","","",""
"55","Pferdepest","Peste équine","Peste equina","African horse sickness","African horse sickness","","1110","A110","1","","","","","","","",""
"56","Porcines respiratorisches und reproduktives Syndrom","Syndrome dysgénésique et respiratoire du porc","Sindrome respiratoria e riproduttiva dei suini","Porcine reproductive and respiratory syndrome","Porcine reproductive and respiratory syndrome","PRRS","233","B257","2","Umstufung von - zu überwachend - in 2007","En 2009 de - à surveiller - à - à combattre -","Nel 2009 da - da sorvegliare - a - da combattere -","Reclassification from - under surveillance - in 2007","","","",""
"57","Proliferative Nierenkrankheit der Fische","Maladie proliférative des reins chez les poissons","Malattia renale proliferativa dei pesci","Proliferate kidney disease","","","435","S130","4","Aufnahme in TSV: 2001. Daten erst ab diesem Zeitpunkt vorhanden.","Introduction dans l\\\'OFE: 2001. Les données ne pourront être obtenues qu\\\'à partir de ce moment.","Inserimento nell’OFE: 2001. Dati disponibili solo a partire da questa data.","Was added to the ordinance for epizootic diseases in 2001. Data on a national scale are only available starting from that year.","","","",""
"58","Pseudotuberkulose der Schafe und Ziegen","Pseudotuberculose des moutons et des chèvres","Pseudotubercolosi degli ovicaprini","Caseous lymphadenitis of sheep and goats","Caseous lymphadenitis","","418","C705","4","","","","","","","",""
"59","Rauschbrand","Charbon symptomatique","Carbonchio sintomatico","Blackleg","Blackleg","","313","C614","4","2009 von zu - bekämpfend - nach - zu überwachend -","En 2009 de - à combattre - à - à surveiller -","Nel 2009 da - da combattere - a - da sorvegliare -","In 2009 from - to be controlled - to - under surveillance -","","","",""
"60","Rifttalfieber","Fièvre de la Vallée du Rift","Febbre della valle del Rift","Rift Valley fever","Rift Valley fever","","1080","A080","1","","","","","","","",""
"61","Rinderpest","Peste bovine","Peste bovina","Rinderpest","Rinderpest","","1040","A040","1","","","","","","","",""
"62","Rotz","morve","morva","glanders","Glanders","","227","B209","2","","","","","","","",""
"63","Salmonella-Enteritidis-Infektion der Hühner (bis 2007)","Infection des poules par Salmonella Enteritidis (d\'ici à 2007)","Infezione dei polli da Salmonella Enteritidis (entro il 2007)","Salmonella enteritidis infection of fowl (until 2007)","Salmonellosis","S.E.","321","E003","3","","","","","","","",""
"64","Salmonella-Infektion des Geflügels und der Schweine (ab 2007)","Infection de la volaille et des porcs par Salmonella (à partir de 2007)","Infezione dei polli e dei suini da Salmonella (dal 2007)","Salmonella infections of fowl and swine (since 2007)","Avian salmonellosis (excluding fowl typhoid and pullorum disease)","","328","C855","3","Wurde 2007 in die TSV aufgenommen. Daten auf nationaler Ebene erst ab diesem Zeitpunkt vorhanden. Vorher Geflügel unter S. Enteritidis und Salmonellose, Schweine unter Salmonellose.","Introduit dans l\\\'OFE en 2007. Des données au niveau national n\\\\\\\'existent qu\\\'à partir de cette date. Auparavant les cas de s. des volailles figurait sous S. Enteritidis et salmonellose, la s. du porc sous salmonellose.","Inserita nell’OFE nel 2007. Dati su scala nazionale sono disponibili solo da questa data. Prima i casi di s. dei polli erano iscritti sotto S. Enteritidis e salmonellosi e quelli di s. suina sotto salmonellosi.","Was added to the ordinance for epizootic diseases in 2007. Data on a national scale are only available from that year onwards. Prior information on Salmonella in fowl can be found under S.Enteritidis and Salmonellosis, for swine under Salmonellosis.","","","",""
"65","Salmonellose","Salmonellose","Salmonellosi","Salmonella infections","Intestinal Salmonellosis (OIE Code C619)","","312","E002","3","Salmonellosen bei Schweinen und Hühnern ab 2007 in der Kategorie: Salmonella-Infektion des Geflügels und der Schweine.","Salmonellose du porc et des poules sera classée dès 2007 dans la catégorie: Infection de la volaille et des porcs","Salmonellosi dei suini e dei polli sarà iscritta dal 2007 nella categoria: Infezioni del pollame e dei suini da salmonelle","Salmonella infections of fowl and swine since 2007 in special category: Salmonella infections of fowl and swine","","","",""
"66","Sauerbrut der Bienen","Loque européenne des abeilles","Peste europea delle api","European foulbrood","European foulbrood of honey bees","","325","B453","3","","","","","","","",""
"67","Schaf- und Ziegenpocken","Clavelée et variole caprine","Vaiolo ovino e caprino","Sheep pox and goat pox","Sheep pox and goat pox","","1100","A100","1","","","","","","","",""
"68","Schafräude (2009 aus TSV gestrichen)","gale des moutons (2009 aus TSV gestrichen)","rogna delle pecore (2009 aus TSV gestrichen)","sheep mange (canceled 2009)","Sheep mange (canceled 2009)","","316","C706","3","2009 aus TSV gestrichen","Supprimé en 2009 de l’ordonnance sur les épizooties","Cancellato dall’Ordinanza sulle epizoozie nel 2009","Canceled in 2009","","","",""
"69","Teschener Krankheit","Maladie de Teschen","Malattia di Teschen","Teschen disease","Enterovirus encephalomyelitis","","424","B256","4","Wurde 1995 in die TSV aufgenommen. Daten auf nationaler Ebene erst ab diesem Zeitpunkt vorhanden.","Introduit dans l\'OFE en 1995. Des données au niveau national n\'existent qu\'à partir de ce moment.","È stata inserita nell’OFE nel 1995. Dati su scala nazionale sono disponibili solo da questa data.","Was added to the ordinance for epizootic diseases in 2001. Data on a national scale are only available starting from that year.","","","",""
"70","Tollwut","Rage","Rabbia","Rabies","Rabies","","212","B058","2","","","","","","","",""
"71","Toxoplasmose","Toxoplasmose","Toxoplasmosi","Toxoplasmosis","Toxoplasmosis","","414","C612","4","","","","","","","",""
"72","Traberkrankheit","tremblante","scrapie","scrapie","Scrapie","","218","B160","2","","","","","","","",""
"73","Transmissible Gastroenteritis","gastro-entérite transmissible","gastroenterite trasmissibile","transmissible Gastroenteritis","Transmissible gastroenteritis","TGE","425","B254","4","Wurde 1995 in die TSV aufgenommen. Daten auf nationaler Ebene erst ab diesem Zeitpunkt vorhanden.","Introduit dans l\'OFE en 1995. Des données au niveau national n\'existent qu\'à partir de ce moment.","È stata inserita nell’OFE nel 1995. Dati su scala nazionale sono disponibili solo da questa data.","Was added to the ordinance for epizootic diseases in 1995. Data on a national scale are only available starting from that year.","","","",""
"74","Trichinellose","Trichinellose","Trichinellosi","Trichinellosis","Trichinellosis","","426","B062","4","","","","","","","",""
"75","Tritrichomonas foetus","infection par Tritrichomonas foetus","infezioni da Tritrichomonas foetus","trichomonosis","Trichomonosis","","220","B112","2","","","","","","","",""
"76","Tuberkulose","Tuberculose","Tubercolosi","Bovine tuberculosis","Bovine tuberculosis","TBC","214","B105","2","","","","","","","",""
"77","Tularämie","Tularémie","Tularemia","Tularemia","Tularemia","","427","B352","4","","","","","","","",""
"78","Varroa destructor","Varroa destructor","Varroa destructor","Varrosis","Varrosis of honey bees","","429","B455","4","Bis 2009 zusammen mit Acarapis woodi und Tropilaelaps","Depuis 2009 ensemble avec Acarapis woodi et Tropilaelaps","Dall 2009 insieme Acarapis woodi e Tropilaelaps","Until 2009 together with Acarapis woodi and Tropilaelaps","","","",""
"79","Vesikuläre Stomatitis","Stomatite vésiculeuse","Stomatite vescicolare","Vesicular stomatitis","Vesicular stomatitis","","1020","A020","1","","","","","","","",""
"80","Vesikulärkrankheit der Schweine","Maladie vésiculeuse du porc","Malattia vescicolosa dei suini","Swine vesicular disease","Swine vesicular disease","","1030","A030","1","","","","","","","",""
"81","Virale hämorrhagische Krankheit der Kaninchen","Maladie hémorragique virale du lapin","Malattia emorragica del coniglio","Rabbit haemorrhagic disease","Rabbit haemorrhagic disease","VHK","428","B353","4","","","","","","","",""
"82","Virale hämorrhagische Septikämie (VHS)","Septicémie hémorragique virale (VHS) (Epizootie des poissons)","Setticemia emorragica virale (VHS)","Viral haemorrhagic septicaemia","Viral haemorrhagic septicaemia","VHS","230","B401","2","","","","","","","",""
"83","Yersiniose","Yersiniose","Yersiniosi","Yersiniosis","Yersiniosis","B407","415","B407","4","","","","","","","",""
"84","Acarapis woodi","Acarapis woodi","Acarapis woodi","Acarapis woodi","Acarapisosis of honey bees","","438","B451","4","Seit 2009 alleine.","Seit 2009 alleine.","Seit 2009 alleine.","Since 2009 alone.","","","",""
"85","Tropilaelaps","Tropilaelaps","Tropilaelaps","Tropilaelaps","Tropilaelaps infestation of honey bees","","439","N456","4","Seit 2009 alleine","Seule depuis 2009","Solo dall 2009","Since 2009 alone","","","",""
"87","West-Nile Fieber","Fièvre du Nil occidental","Febbre del Nilo occidentale","West Nile Fever","West Nile Fever","WNF","330","N002","3","Zu bekämpfende seit 1.8.2014","","","","","","",""
"88","Besnoitiose","besnoitiose","besnoitiosi","besnoitiosis","","","234","S150","2","Besnoitia besnoiti","Besnoitia besnoiti","Besnoitia besnoiti","Besnoitia besnoiti","","","",""
"89","Westliche Equine Enzephalomyelitis (WEE)","encéphalomyélite équine de l’Ouest (WEE)","encefalomielite equina occidentale (WEE)","western equine encephalomyelitis (WEE)","Equine encephalomyelitis (Western","WEE","331","N003","3","","","","","","","",""
"90","Östliche Equine Enzephalomyelitis (EEE)","encéphalomyélite équine de l’Est (EEE)","encefalomielite equina orientale (EEE)","eastern equine encephalomyelitis (EEE)","Equine encephalomyelitis (Eastern)","EEE","332","N004","3","","","","","","","",""
"91","Venezolanische Equine Enzephalomyelitis (VEE)","encéphalomyélite équine vénézuélienne (VEE)","encefalomielite equina venezuelana (VEE)","venezuelan equine encephalomyelitis (VEE)","Venezuelan equine encephalomyelitis","VEE","333","N005","3","","","","","","","",""
"92","Japanische Enzephalitis (JE)","encéphalite japonaise (JE)","encefalite giapponese (JE)","japanese encephalitis (JE)","Japanese encephalitis","JE","334","N006","3","","","","","","","",""
